2025-04-09 20:04:33 - INFO - Creating tasks for certificate: Омелина Татьяна - тс28
2025-04-09 20:04:33 - INFO - Using date range: 2025-04-08 to 2025-04-08 (yesterday's data)
2025-04-09 20:04:33 - INFO - Creating task for group 1 (Предметы одежды, бельё постельное, столовое, туалетное и кухонное)
2025-04-09 20:04:34 - INFO - Created task: 52ae43d3-8f0c-49fe-875d-9505bf18e5b6
2025-04-09 20:04:34 - INFO - Creating task for group 2 (Обувные товары)
2025-04-09 20:04:35 - INFO - Created task: 28090231-fb07-4527-ba4a-1c6bc74c3aef
2025-04-09 20:04:35 - INFO - Creating task for group 3 (Табачная продукция)
2025-04-09 20:04:35 - INFO - Created task: 41569c0b-b137-4445-9b92-a6deb23cbb89
2025-04-09 20:04:35 - INFO - Creating task for group 4 (Духи и туалетная вода)
2025-04-09 20:04:36 - INFO - Created task: 53448f2a-dd9d-450c-a3fb-341b1f4a06e8
2025-04-09 20:04:36 - INFO - Creating task for group 5 (Шины и покрышки пневматические резиновые новые)
2025-04-09 20:04:37 - INFO - Created task: a0497f28-ab0b-4f2b-8a9b-4b5094297e9c
2025-04-09 20:04:37 - INFO - Creating task for group 8 (Молочная продукция)
2025-04-09 20:04:37 - INFO - Created task: c888d1b6-d615-4163-b214-3a3b222b5fc8
2025-04-09 20:04:37 - INFO - Creating task for group 13 (Упакованная вода)
2025-04-09 20:04:38 - INFO - Created task: ea8dbacb-6de1-4044-aa0f-0d9188896ee7
2025-04-09 20:04:38 - INFO - Creating task for group 15 (Пиво, напитки, изготавливаемые на основе пива, слабоалкогольные напитки)
2025-04-09 20:04:39 - INFO - Created task: daf36aef-396f-49c3-b16b-3d8b3a4aa03b
2025-04-09 20:04:39 - INFO - Creating task for group 17 (Биологически активные добавки к пище)
2025-04-09 20:04:40 - INFO - Created task: ce3f533d-9b74-4a55-9ec6-c95d3ba3c187
2025-04-09 20:04:40 - INFO - Creating task for group 23 (Соковая продукция и безалкогольные напитки)
2025-04-09 20:04:41 - INFO - Created task: b71490d8-9122-433d-a59a-0358e6ae0ad3
2025-04-09 20:04:41 - INFO - Saved 10 tasks to output\Омелина Татьяна - тс28\pending_tasks.txt
2025-04-09 20:05:22 - INFO - Creating tasks for certificate: Хуторская Татьяна - тс324
2025-04-09 20:05:22 - INFO - Using date range: 2025-04-08 to 2025-04-08 (yesterday's data)
2025-04-09 20:05:22 - INFO - Creating task for group 1 (Предметы одежды, бельё постельное, столовое, туалетное и кухонное)
2025-04-09 20:05:23 - INFO - Created task: 68624a40-6bf4-42d8-ba6c-e2c086704c5c
2025-04-09 20:05:23 - INFO - Creating task for group 2 (Обувные товары)
2025-04-09 20:05:24 - INFO - Created task: 0a1cf0e0-d2d0-4644-80ca-e6297c0558ad
2025-04-09 20:05:24 - INFO - Creating task for group 3 (Табачная продукция)
2025-04-09 20:05:24 - INFO - Created task: df690576-d9a8-48ee-bf3a-64880cb34c9d
2025-04-09 20:05:24 - INFO - Creating task for group 4 (Духи и туалетная вода)
2025-04-09 20:05:25 - INFO - Created task: f8fb196a-997b-4305-b699-e17d61f60db7
2025-04-09 20:05:25 - INFO - Creating task for group 5 (Шины и покрышки пневматические резиновые новые)
2025-04-09 20:05:26 - INFO - Created task: b33815fb-4bee-4778-abc8-259a2aefc805
2025-04-09 20:05:26 - INFO - Creating task for group 8 (Молочная продукция)
2025-04-09 20:05:26 - INFO - Created task: 082c9837-4d8d-4cc4-9f87-1882f076ee95
2025-04-09 20:05:26 - INFO - Creating task for group 13 (Упакованная вода)
2025-04-09 20:05:27 - INFO - Created task: 6e6b11b3-8789-4e57-9e79-96bb746100b8
2025-04-09 20:05:27 - INFO - Creating task for group 15 (Пиво, напитки, изготавливаемые на основе пива, слабоалкогольные напитки)
2025-04-09 20:05:28 - INFO - Created task: 3567cf10-dde7-4cfe-81ee-b0ffcf3740cb
2025-04-09 20:05:28 - INFO - Creating task for group 17 (Биологически активные добавки к пище)
2025-04-09 20:05:28 - INFO - Created task: a2220edb-7b23-400e-9571-3dd3e336fdcf
2025-04-09 20:05:28 - INFO - Creating task for group 23 (Соковая продукция и безалкогольные напитки)
2025-04-09 20:05:29 - INFO - Created task: 9a6a1c10-c625-46fd-98ed-24f1a06fd933
2025-04-09 20:05:29 - INFO - Saved 10 tasks to output\Хуторская Татьяна - тс324\pending_tasks.txt
2025-04-09 20:05:49 - INFO - Creating tasks for certificate: Хуторская Татьяна - тс124
2025-04-09 20:05:49 - INFO - Using date range: 2025-04-08 to 2025-04-08 (yesterday's data)
2025-04-09 20:05:49 - INFO - Creating task for group 1 (Предметы одежды, бельё постельное, столовое, туалетное и кухонное)
2025-04-09 20:05:50 - INFO - Created task: c2d75d93-54e0-4bf6-9b04-c945f5386f93
2025-04-09 20:05:50 - INFO - Creating task for group 2 (Обувные товары)
2025-04-09 20:05:51 - INFO - Created task: 0a59c9ac-3d45-4794-8c42-272ba10d5cdb
2025-04-09 20:05:51 - INFO - Creating task for group 3 (Табачная продукция)
2025-04-09 20:05:52 - INFO - Created task: a234a990-610f-44b9-afee-3f2cbbaa2c00
2025-04-09 20:05:52 - INFO - Creating task for group 4 (Духи и туалетная вода)
2025-04-09 20:05:52 - INFO - Created task: c552adf9-2275-40b6-bcb5-4f2cb7ac8f5d
2025-04-09 20:05:52 - INFO - Creating task for group 5 (Шины и покрышки пневматические резиновые новые)
2025-04-09 20:05:53 - INFO - Created task: 135b1ff4-62cf-4fe7-b2d8-cd62c469e333
2025-04-09 20:05:53 - INFO - Creating task for group 8 (Молочная продукция)
2025-04-09 20:05:54 - INFO - Created task: 84a6f0e9-474e-4dfd-b1e0-4c008660e608
2025-04-09 20:05:54 - INFO - Creating task for group 13 (Упакованная вода)
2025-04-09 20:05:54 - INFO - Created task: c25f45cf-5057-479f-8ab2-5e61b29234d2
2025-04-09 20:05:54 - INFO - Creating task for group 15 (Пиво, напитки, изготавливаемые на основе пива, слабоалкогольные напитки)
2025-04-09 20:05:55 - INFO - Created task: 0531658b-8716-4553-8e2d-39b3444a0d67
2025-04-09 20:05:55 - INFO - Creating task for group 17 (Биологически активные добавки к пище)
2025-04-09 20:05:56 - INFO - Created task: 4a88d0aa-df26-4dd1-8bff-39f60e7e9dd7
2025-04-09 20:05:56 - INFO - Creating task for group 23 (Соковая продукция и безалкогольные напитки)
2025-04-09 20:05:56 - INFO - Created task: f7464da9-0a22-4b8f-90f8-1a4ad58a5a05
2025-04-09 20:05:57 - INFO - Saved 10 tasks to output\Хуторская Татьяна - тс124\pending_tasks.txt
2025-04-09 20:06:38 - INFO - Creating tasks for certificate: Хуторская Татьяна - тс3
2025-04-09 20:06:38 - INFO - Using date range: 2025-04-08 to 2025-04-08 (yesterday's data)
2025-04-09 20:06:38 - INFO - Creating task for group 1 (Предметы одежды, бельё постельное, столовое, туалетное и кухонное)
2025-04-09 20:06:38 - INFO - Created task: 189119c4-2d0e-4a60-b0b4-74984b399c31
2025-04-09 20:06:38 - INFO - Creating task for group 2 (Обувные товары)
2025-04-09 20:06:39 - INFO - Created task: c535499d-b900-4b08-81e8-6235e953aa89
2025-04-09 20:06:39 - INFO - Creating task for group 3 (Табачная продукция)
2025-04-09 20:06:40 - INFO - Created task: f0954d2b-1669-44cd-857b-bc7b712c50db
2025-04-09 20:06:40 - INFO - Creating task for group 4 (Духи и туалетная вода)
2025-04-09 20:06:40 - INFO - Created task: 21e95f0c-1cfb-4805-8834-3bb3af7a4ebf
2025-04-09 20:06:40 - INFO - Creating task for group 5 (Шины и покрышки пневматические резиновые новые)
2025-04-09 20:06:41 - INFO - Created task: 58690cc3-9371-4218-ad0f-954854694997
2025-04-09 20:06:41 - INFO - Creating task for group 8 (Молочная продукция)
2025-04-09 20:06:42 - INFO - Created task: 609dd166-dd06-4a21-9c51-24f3a46f6b8b
2025-04-09 20:06:42 - INFO - Creating task for group 13 (Упакованная вода)
2025-04-09 20:06:42 - INFO - Created task: 5a66b2d6-4192-4f04-a5fb-bdd1801cc5c1
2025-04-09 20:06:42 - INFO - Creating task for group 15 (Пиво, напитки, изготавливаемые на основе пива, слабоалкогольные напитки)
2025-04-09 20:06:43 - INFO - Created task: 46755eb2-1c72-4ebf-9760-e258a5edd301
2025-04-09 20:06:43 - INFO - Creating task for group 17 (Биологически активные добавки к пище)
2025-04-09 20:06:44 - INFO - Created task: 372719aa-e17b-4093-aa31-4c844080f189
2025-04-09 20:06:44 - INFO - Creating task for group 23 (Соковая продукция и безалкогольные напитки)
2025-04-09 20:06:44 - INFO - Created task: 6e6adf76-9a19-454a-8fef-8d8193b9b793
2025-04-09 20:06:44 - INFO - Saved 10 tasks to output\Хуторская Татьяна - тс3\pending_tasks.txt
2025-04-09 20:07:05 - INFO - Creating tasks for certificate: Хуторская Татьяна - тс5
2025-04-09 20:07:05 - INFO - Using date range: 2025-04-08 to 2025-04-08 (yesterday's data)
2025-04-09 20:07:05 - INFO - Creating task for group 1 (Предметы одежды, бельё постельное, столовое, туалетное и кухонное)
2025-04-09 20:07:05 - INFO - Created task: f4075c9a-15ed-4dc9-b7b1-553377bc4185
2025-04-09 20:07:05 - INFO - Creating task for group 2 (Обувные товары)
2025-04-09 20:07:06 - INFO - Created task: 9ad877f4-c8b2-4fb2-afef-d307be84403e
2025-04-09 20:07:06 - INFO - Creating task for group 3 (Табачная продукция)
2025-04-09 20:07:07 - INFO - Created task: bac78130-1c8e-4a22-a01d-d7b224015d83
2025-04-09 20:07:07 - INFO - Creating task for group 4 (Духи и туалетная вода)
2025-04-09 20:07:07 - INFO - Created task: c7c40339-f9a7-4188-87ba-abe6b0a868ca
2025-04-09 20:07:07 - INFO - Creating task for group 5 (Шины и покрышки пневматические резиновые новые)
2025-04-09 20:07:08 - INFO - Created task: 62994829-6892-49c4-8e78-3d5b4d4be953
2025-04-09 20:07:08 - INFO - Creating task for group 8 (Молочная продукция)
2025-04-09 20:07:09 - INFO - Created task: 74af9041-e499-4e51-ae10-37187cda19c2
2025-04-09 20:07:09 - INFO - Creating task for group 13 (Упакованная вода)
2025-04-09 20:07:09 - INFO - Created task: 5533bf8b-a1c3-498f-a182-d51279320645
2025-04-09 20:07:09 - INFO - Creating task for group 15 (Пиво, напитки, изготавливаемые на основе пива, слабоалкогольные напитки)
2025-04-09 20:07:10 - INFO - Created task: 0f46e6a1-1671-4f5a-ae58-75e2a02b5e4e
2025-04-09 20:07:10 - INFO - Creating task for group 17 (Биологически активные добавки к пище)
2025-04-09 20:07:11 - INFO - Created task: e3780f07-895b-4ffa-ae5b-656740a56765
2025-04-09 20:07:11 - INFO - Creating task for group 23 (Соковая продукция и безалкогольные напитки)
2025-04-09 20:07:11 - INFO - Created task: 5092f9fc-05cb-4539-b3d8-b2cde542d1d1
2025-04-09 20:07:11 - INFO - Saved 10 tasks to output\Хуторская Татьяна - тс5\pending_tasks.txt
2025-04-09 20:07:53 - INFO - Creating tasks for certificate: Лежнева Евгения - тс54
2025-04-09 20:07:53 - INFO - Using date range: 2025-04-08 to 2025-04-08 (yesterday's data)
2025-04-09 20:07:53 - INFO - Creating task for group 1 (Предметы одежды, бельё постельное, столовое, туалетное и кухонное)
2025-04-09 20:07:54 - INFO - Created task: 38227912-f4ed-48e3-826d-fc86293c14ed
2025-04-09 20:07:54 - INFO - Creating task for group 2 (Обувные товары)
2025-04-09 20:07:54 - INFO - Created task: 02e3685d-8a6f-4394-8ad6-89503f0e9dc9
2025-04-09 20:07:54 - INFO - Creating task for group 3 (Табачная продукция)
2025-04-09 20:07:55 - INFO - Created task: f3494875-d8db-47d6-97d5-e75d2a827444
2025-04-09 20:07:55 - INFO - Creating task for group 4 (Духи и туалетная вода)
2025-04-09 20:07:56 - INFO - Created task: 33fdab8b-e452-4ba9-8c57-900d441baca6
2025-04-09 20:07:56 - INFO - Creating task for group 5 (Шины и покрышки пневматические резиновые новые)
2025-04-09 20:07:56 - INFO - Created task: c404e61c-13ac-473d-acc0-c216dd9063b6
2025-04-09 20:07:56 - INFO - Creating task for group 8 (Молочная продукция)
2025-04-09 20:07:57 - INFO - Created task: c61f30f5-83dc-4975-a229-ccaed6924b31
2025-04-09 20:07:57 - INFO - Creating task for group 13 (Упакованная вода)
2025-04-09 20:07:58 - INFO - Created task: 63b3fc51-ab71-4ec5-9f15-836821f84da7
2025-04-09 20:07:58 - INFO - Creating task for group 15 (Пиво, напитки, изготавливаемые на основе пива, слабоалкогольные напитки)
2025-04-09 20:07:58 - INFO - Created task: 0db6a559-0ced-47f4-a708-1c5f021e316c
2025-04-09 20:07:58 - INFO - Creating task for group 17 (Биологически активные добавки к пище)
2025-04-09 20:07:59 - INFO - Created task: 91ad08e0-bc6d-4c81-8651-fb575595ca79
2025-04-09 20:07:59 - INFO - Creating task for group 23 (Соковая продукция и безалкогольные напитки)
2025-04-09 20:08:00 - INFO - Created task: 5d1fbf25-786d-416a-a8f9-defec1db5720
2025-04-09 20:08:00 - INFO - Saved 10 tasks to output\Лежнева Евгения - тс54\pending_tasks.txt
2025-04-09 20:09:01 - INFO - Creating tasks for certificate: Лежнева Евгения - тс55
2025-04-09 20:09:01 - INFO - Using date range: 2025-04-08 to 2025-04-08 (yesterday's data)
2025-04-09 20:09:01 - INFO - Creating task for group 1 (Предметы одежды, бельё постельное, столовое, туалетное и кухонное)
2025-04-09 20:09:02 - INFO - Created task: 0621f4d4-ce84-4aff-9eeb-694feeaf15c9
2025-04-09 20:09:02 - INFO - Creating task for group 2 (Обувные товары)
2025-04-09 20:09:02 - INFO - Created task: fc858ca1-f6b8-43cb-b36b-9e489aa643e8
2025-04-09 20:09:02 - INFO - Creating task for group 3 (Табачная продукция)
2025-04-09 20:09:03 - INFO - Created task: 41c049b5-c5de-498d-9545-87eefa79aba0
2025-04-09 20:09:03 - INFO - Creating task for group 4 (Духи и туалетная вода)
2025-04-09 20:09:04 - INFO - Created task: 549936a2-d3e2-498e-a63a-4618db1db58b
2025-04-09 20:09:04 - INFO - Creating task for group 5 (Шины и покрышки пневматические резиновые новые)
2025-04-09 20:09:05 - INFO - Created task: fabc461c-5495-422d-9900-47969841754e
2025-04-09 20:09:05 - INFO - Creating task for group 8 (Молочная продукция)
2025-04-09 20:09:05 - INFO - Created task: 43a53a4c-bb95-4ca3-8749-85c605be9806
2025-04-09 20:09:05 - INFO - Creating task for group 13 (Упакованная вода)
2025-04-09 20:09:06 - INFO - Created task: 9163ad21-b4a5-4e05-b504-d572fbc41d0b
2025-04-09 20:09:06 - INFO - Creating task for group 15 (Пиво, напитки, изготавливаемые на основе пива, слабоалкогольные напитки)
2025-04-09 20:09:07 - INFO - Created task: 2208f49f-f724-48a2-81a5-751d6a7e76d9
2025-04-09 20:09:07 - INFO - Creating task for group 17 (Биологически активные добавки к пище)
2025-04-09 20:09:07 - INFO - Created task: 8534b95b-8163-454a-927f-c29e4e587285
2025-04-09 20:09:07 - INFO - Creating task for group 23 (Соковая продукция и безалкогольные напитки)
2025-04-09 20:09:08 - INFO - Created task: b598bc44-dd4e-4c3a-b8ce-c998a1d7b524
2025-04-09 20:09:08 - INFO - Saved 10 tasks to output\Лежнева Евгения - тс55\pending_tasks.txt
2025-04-09 20:09:28 - INFO - Creating tasks for certificate: Лежнева Евгения - тс142
2025-04-09 20:09:28 - INFO - Using date range: 2025-04-08 to 2025-04-08 (yesterday's data)
2025-04-09 20:09:28 - INFO - Creating task for group 1 (Предметы одежды, бельё постельное, столовое, туалетное и кухонное)
2025-04-09 20:09:29 - INFO - Created task: 7bea99bd-d1f1-4863-873b-9307cb0e9766
2025-04-09 20:09:29 - INFO - Creating task for group 2 (Обувные товары)
2025-04-09 20:09:30 - INFO - Created task: eb9b9622-dd36-41f8-890d-d3218b0e2512
2025-04-09 20:09:30 - INFO - Creating task for group 3 (Табачная продукция)
2025-04-09 20:09:31 - INFO - Created task: 07a6e470-9713-4fb3-8fc8-310f65553400
2025-04-09 20:09:31 - INFO - Creating task for group 4 (Духи и туалетная вода)
2025-04-09 20:09:31 - INFO - Created task: 15dd8833-211b-4389-a657-fb6d12de9613
2025-04-09 20:09:31 - INFO - Creating task for group 5 (Шины и покрышки пневматические резиновые новые)
2025-04-09 20:09:32 - INFO - Created task: 6361c00f-6785-4480-894c-0b6d474c25f7
2025-04-09 20:09:32 - INFO - Creating task for group 8 (Молочная продукция)
2025-04-09 20:09:33 - INFO - Created task: 38d00aa7-428d-41f8-92fa-871e9cba6bb5
2025-04-09 20:09:33 - INFO - Creating task for group 13 (Упакованная вода)
2025-04-09 20:09:33 - INFO - Created task: cbcd2e3c-018e-45a9-b2a0-c6198d1ea859
2025-04-09 20:09:33 - INFO - Creating task for group 15 (Пиво, напитки, изготавливаемые на основе пива, слабоалкогольные напитки)
2025-04-09 20:09:34 - INFO - Created task: ec49e990-183e-4bee-bcd1-025b1b13f752
2025-04-09 20:09:34 - INFO - Creating task for group 17 (Биологически активные добавки к пище)
2025-04-09 20:09:35 - INFO - Created task: aa6e850b-bcf2-44c9-af57-33afb6a5fcb1
2025-04-09 20:09:35 - INFO - Creating task for group 23 (Соковая продукция и безалкогольные напитки)
2025-04-09 20:09:36 - INFO - Created task: f13d824b-39f0-4ce2-a834-a91a9de40b62
2025-04-09 20:09:36 - INFO - Saved 10 tasks to output\Лежнева Евгения - тс142\pending_tasks.txt
2025-04-09 20:14:46 - INFO - Creating tasks for certificate: Омелина Татьяна - тс28
2025-04-09 20:14:46 - INFO - Using date range: 2025-04-08 to 2025-04-08 (yesterday's data)
2025-04-09 20:14:46 - INFO - Creating task for group 1 (Предметы одежды, бельё постельное, столовое, туалетное и кухонное)
2025-04-09 20:14:46 - INFO - Created task: e5cdd880-6236-4149-8310-47b06970cf62
2025-04-09 20:14:46 - INFO - Creating task for group 2 (Обувные товары)
2025-04-09 20:14:47 - INFO - Created task: 91a449e5-27a9-42ba-820e-41e22aa5ca6e
2025-04-09 20:14:47 - INFO - Creating task for group 3 (Табачная продукция)
2025-04-09 20:14:48 - INFO - Created task: b65c81e9-4a70-487d-9192-c85bd1c864f4
2025-04-09 20:14:48 - INFO - Creating task for group 4 (Духи и туалетная вода)
2025-04-09 20:14:48 - INFO - Created task: f99f4e79-79b4-4bce-9df7-d1745bd8bdc4
2025-04-09 20:14:48 - INFO - Creating task for group 5 (Шины и покрышки пневматические резиновые новые)
2025-04-09 20:14:49 - INFO - Created task: 0e69743a-5f9b-4194-adeb-1ec91b9b5f13
2025-04-09 20:14:49 - INFO - Creating task for group 8 (Молочная продукция)
2025-04-09 20:14:50 - INFO - Created task: 7d366b52-7a84-45f4-b63f-368fb3d300ea
2025-04-09 20:14:50 - INFO - Creating task for group 13 (Упакованная вода)
2025-04-09 20:14:50 - INFO - Created task: 01912e70-dd82-4537-9c7a-1d428d137a7e
2025-04-09 20:14:50 - INFO - Creating task for group 15 (Пиво, напитки, изготавливаемые на основе пива, слабоалкогольные напитки)
2025-04-09 20:14:51 - INFO - Created task: cbb7446a-4c6c-447c-adef-486fd7a10817
2025-04-09 20:14:51 - INFO - Creating task for group 17 (Биологически активные добавки к пище)
2025-04-09 20:14:52 - INFO - Created task: ca7208ce-6b3a-4731-b058-350fd5f94a36
2025-04-09 20:14:52 - INFO - Creating task for group 23 (Соковая продукция и безалкогольные напитки)
2025-04-09 20:14:53 - INFO - Created task: 8dbe85c9-5233-4351-b765-83b97d42c8a4
2025-04-09 20:14:53 - INFO - Saved 10 tasks to output\Омелина Татьяна - тс28\pending_tasks.txt
2025-04-09 20:15:34 - INFO - Creating tasks for certificate: Хуторская Татьяна - тс324
2025-04-09 20:15:34 - INFO - Using date range: 2025-04-08 to 2025-04-08 (yesterday's data)
2025-04-09 20:15:34 - INFO - Creating task for group 1 (Предметы одежды, бельё постельное, столовое, туалетное и кухонное)
2025-04-09 20:15:35 - INFO - Created task: fab05399-bd55-40b8-8ce3-67af4b1c3169
2025-04-09 20:15:35 - INFO - Creating task for group 2 (Обувные товары)
2025-04-09 20:15:35 - INFO - Created task: 19b4bad9-7967-4eb3-8252-aff4a9acffdf
2025-04-09 20:15:35 - INFO - Creating task for group 3 (Табачная продукция)
2025-04-09 20:15:36 - INFO - Created task: 2cb34173-ec3f-4de1-8f1b-bb6be4c27218
2025-04-09 20:15:36 - INFO - Creating task for group 4 (Духи и туалетная вода)
2025-04-09 20:15:37 - INFO - Created task: 14348cae-d789-45de-bffd-944b7464e43b
2025-04-09 20:15:37 - INFO - Creating task for group 5 (Шины и покрышки пневматические резиновые новые)
2025-04-09 20:15:37 - INFO - Created task: 0acd5664-601c-4e8f-bed9-6014d17e20d5
2025-04-09 20:15:37 - INFO - Creating task for group 8 (Молочная продукция)
2025-04-09 20:15:38 - INFO - Created task: c4d8a652-68df-4eb6-83dd-6f7a6b187e19
2025-04-09 20:15:38 - INFO - Creating task for group 13 (Упакованная вода)
2025-04-09 20:15:39 - INFO - Created task: 7cba416b-725f-47e7-8f31-805dcace2d6b
2025-04-09 20:15:39 - INFO - Creating task for group 15 (Пиво, напитки, изготавливаемые на основе пива, слабоалкогольные напитки)
2025-04-09 20:15:39 - INFO - Created task: c74cc8ce-6bb1-4a39-9457-f55c96e46ad1
2025-04-09 20:15:39 - INFO - Creating task for group 17 (Биологически активные добавки к пище)
2025-04-09 20:15:40 - INFO - Created task: 77951abf-d017-4c08-8b2c-b2c1dd1ea0f2
2025-04-09 20:15:40 - INFO - Creating task for group 23 (Соковая продукция и безалкогольные напитки)
2025-04-09 20:15:41 - INFO - Created task: 313c4a7a-9830-4cea-ab60-97c47d0bc222
2025-04-09 20:15:41 - INFO - Saved 10 tasks to output\Хуторская Татьяна - тс324\pending_tasks.txt
2025-04-09 20:16:22 - INFO - Creating tasks for certificate: Хуторская Татьяна - тс124
2025-04-09 20:16:22 - INFO - Using date range: 2025-04-08 to 2025-04-08 (yesterday's data)
2025-04-09 20:16:22 - INFO - Creating task for group 1 (Предметы одежды, бельё постельное, столовое, туалетное и кухонное)
2025-04-09 20:16:22 - INFO - Created task: c4bca30f-c47b-491d-9703-169e39f5c1ac
2025-04-09 20:16:22 - INFO - Creating task for group 2 (Обувные товары)
2025-04-09 20:16:23 - INFO - Created task: 393b91a4-6645-44bd-8fe6-776ef51aca9a
2025-04-09 20:16:23 - INFO - Creating task for group 3 (Табачная продукция)
2025-04-09 20:16:24 - INFO - Created task: aa848ac6-cbfb-4d30-9c18-23755606e1ac
2025-04-09 20:16:24 - INFO - Creating task for group 4 (Духи и туалетная вода)
2025-04-09 20:16:24 - INFO - Created task: 81d6745a-d667-4817-b026-094339b161b2
2025-04-09 20:16:24 - INFO - Creating task for group 5 (Шины и покрышки пневматические резиновые новые)
2025-04-09 20:16:25 - INFO - Created task: cca611f8-4bde-4f37-8c58-c14c58126a3a
2025-04-09 20:16:25 - INFO - Creating task for group 8 (Молочная продукция)
2025-04-09 20:16:26 - INFO - Created task: 7e23c4d3-aab4-4686-9695-666fb6c6ca17
2025-04-09 20:16:26 - INFO - Creating task for group 13 (Упакованная вода)
2025-04-09 20:16:26 - INFO - Created task: 0ec0bcd2-08c3-45a5-b356-3adc82e8d249
2025-04-09 20:16:26 - INFO - Creating task for group 15 (Пиво, напитки, изготавливаемые на основе пива, слабоалкогольные напитки)
2025-04-09 20:16:27 - INFO - Created task: 06a3fe7d-f449-4b70-a815-394018a9dd31
2025-04-09 20:16:27 - INFO - Creating task for group 17 (Биологически активные добавки к пище)
2025-04-09 20:16:28 - INFO - Created task: e63c2483-9add-4ba2-8b92-46614de6a63b
2025-04-09 20:16:28 - INFO - Creating task for group 23 (Соковая продукция и безалкогольные напитки)
2025-04-09 20:16:29 - INFO - Created task: 94964a7b-572b-46fc-99ca-19014a5004b8
2025-04-09 20:16:29 - INFO - Saved 10 tasks to output\Хуторская Татьяна - тс124\pending_tasks.txt
2025-04-09 20:16:49 - INFO - Creating tasks for certificate: Хуторская Татьяна - тс3
2025-04-09 20:16:49 - INFO - Using date range: 2025-04-08 to 2025-04-08 (yesterday's data)
2025-04-09 20:16:49 - INFO - Creating task for group 1 (Предметы одежды, бельё постельное, столовое, туалетное и кухонное)
2025-04-09 20:16:50 - INFO - Created task: 401935c2-e0b7-4a16-81d7-3214dbe8e267
2025-04-09 20:16:50 - INFO - Creating task for group 2 (Обувные товары)
2025-04-09 20:16:50 - INFO - Created task: 810b167b-fb4e-47de-9837-3dfbce605c1a
2025-04-09 20:16:50 - INFO - Creating task for group 3 (Табачная продукция)
2025-04-09 20:16:51 - INFO - Created task: ab3cec29-a445-4dfa-8d44-93ffb62e3f22
2025-04-09 20:16:51 - INFO - Creating task for group 4 (Духи и туалетная вода)
2025-04-09 20:16:52 - INFO - Created task: 6e7db63d-2315-4445-a588-f41fea23cc7f
2025-04-09 20:16:52 - INFO - Creating task for group 5 (Шины и покрышки пневматические резиновые новые)
2025-04-09 20:16:52 - INFO - Created task: 9dda84bb-e9c4-4bb4-b01c-4591c9c53845
2025-04-09 20:16:52 - INFO - Creating task for group 8 (Молочная продукция)
2025-04-09 20:16:53 - INFO - Created task: 5db0e14b-749a-4e90-a91e-40a4ec4ab4a2
2025-04-09 20:16:53 - INFO - Creating task for group 13 (Упакованная вода)
2025-04-09 20:16:54 - INFO - Created task: b42801aa-4430-4961-9710-1abf389b8f32
2025-04-09 20:16:54 - INFO - Creating task for group 15 (Пиво, напитки, изготавливаемые на основе пива, слабоалкогольные напитки)
2025-04-09 20:16:54 - INFO - Created task: 13dbdc72-232d-48a7-b99f-bc60920b1196
2025-04-09 20:16:54 - INFO - Creating task for group 17 (Биологически активные добавки к пище)
2025-04-09 20:16:55 - INFO - Created task: 712bc8ae-5689-4bac-be43-cfd298bf8e08
2025-04-09 20:16:55 - INFO - Creating task for group 23 (Соковая продукция и безалкогольные напитки)
2025-04-09 20:16:56 - INFO - Created task: 8210e030-fc07-45da-91f8-e9265fd1289b
2025-04-09 20:16:56 - INFO - Saved 10 tasks to output\Хуторская Татьяна - тс3\pending_tasks.txt
2025-04-09 20:17:38 - INFO - Creating tasks for certificate: Хуторская Татьяна - тс5
2025-04-09 20:17:38 - INFO - Using date range: 2025-04-08 to 2025-04-08 (yesterday's data)
2025-04-09 20:17:38 - INFO - Creating task for group 1 (Предметы одежды, бельё постельное, столовое, туалетное и кухонное)
2025-04-09 20:17:39 - INFO - Created task: 19ed7598-1b74-4abf-86b4-74b9beb536ab
2025-04-09 20:17:39 - INFO - Creating task for group 2 (Обувные товары)
2025-04-09 20:17:39 - INFO - Created task: 9e496511-2167-4d44-994f-cb2f01feaa84
2025-04-09 20:17:39 - INFO - Creating task for group 3 (Табачная продукция)
2025-04-09 20:17:40 - INFO - Created task: b64137a6-f053-40e9-ad40-28c2675133d2
2025-04-09 20:17:40 - INFO - Creating task for group 4 (Духи и туалетная вода)
2025-04-09 20:17:41 - INFO - Created task: 47d45f12-0c37-4ecf-809d-28bda1bd7fe3
2025-04-09 20:17:41 - INFO - Creating task for group 5 (Шины и покрышки пневматические резиновые новые)
2025-04-09 20:17:41 - INFO - Created task: 81d7859e-7465-4e81-aa9c-8d7a60b63c60
2025-04-09 20:17:41 - INFO - Creating task for group 8 (Молочная продукция)
2025-04-09 20:17:42 - INFO - Created task: 60f343bb-2356-427d-8f12-28b8a6580182
2025-04-09 20:17:42 - INFO - Creating task for group 13 (Упакованная вода)
2025-04-09 20:17:43 - INFO - Created task: 2fe2bf13-894e-4aab-9cce-6987f717737c
2025-04-09 20:17:43 - INFO - Creating task for group 15 (Пиво, напитки, изготавливаемые на основе пива, слабоалкогольные напитки)
2025-04-09 20:17:43 - INFO - Created task: efb8973f-61c8-4adc-b116-ff70cef3b188
2025-04-09 20:17:43 - INFO - Creating task for group 17 (Биологически активные добавки к пище)
2025-04-09 20:17:44 - INFO - Created task: cc7f7d8e-3ce6-4454-9c95-49c83b34e7fd
2025-04-09 20:17:44 - INFO - Creating task for group 23 (Соковая продукция и безалкогольные напитки)
2025-04-09 20:17:45 - INFO - Created task: 5bf8a899-4e71-418c-9c12-b849c9074816
2025-04-09 20:17:45 - INFO - Saved 10 tasks to output\Хуторская Татьяна - тс5\pending_tasks.txt
2025-04-09 20:18:26 - INFO - Creating tasks for certificate: Лежнева Евгения - тс54
2025-04-09 20:18:26 - INFO - Using date range: 2025-04-08 to 2025-04-08 (yesterday's data)
2025-04-09 20:18:26 - INFO - Creating task for group 1 (Предметы одежды, бельё постельное, столовое, туалетное и кухонное)
2025-04-09 20:18:26 - INFO - Created task: 0985fb89-f971-472e-bd8b-cd0e27498a02
2025-04-09 20:18:26 - INFO - Creating task for group 2 (Обувные товары)
2025-04-09 20:18:27 - INFO - Created task: e8782536-5453-4b02-8f66-252bcd39e1b7
2025-04-09 20:18:27 - INFO - Creating task for group 3 (Табачная продукция)
2025-04-09 20:18:28 - INFO - Created task: 9b12a24b-903e-4778-be37-7d71f31e5909
2025-04-09 20:18:28 - INFO - Creating task for group 4 (Духи и туалетная вода)
2025-04-09 20:18:28 - INFO - Created task: 49b51e3f-f177-4624-a2dc-b7ebb913c748
2025-04-09 20:18:28 - INFO - Creating task for group 5 (Шины и покрышки пневматические резиновые новые)
2025-04-09 20:18:29 - INFO - Created task: 94fd263d-a975-4757-a5ca-8853acf00a91
2025-04-09 20:18:29 - INFO - Creating task for group 8 (Молочная продукция)
2025-04-09 20:18:30 - INFO - Created task: 33db1daf-fcc5-46e1-a0e2-3303dc794fa6
2025-04-09 20:18:30 - INFO - Creating task for group 13 (Упакованная вода)
2025-04-09 20:18:30 - INFO - Created task: 544c0113-fc60-44a5-afe1-36ff1bfcd62d
2025-04-09 20:18:30 - INFO - Creating task for group 15 (Пиво, напитки, изготавливаемые на основе пива, слабоалкогольные напитки)
2025-04-09 20:18:31 - INFO - Created task: f429f939-6558-43e4-91d0-9ffce88b66e8
2025-04-09 20:18:31 - INFO - Creating task for group 17 (Биологически активные добавки к пище)
2025-04-09 20:18:32 - INFO - Created task: f073d96f-dc8e-4f84-9c03-f83157f8624d
2025-04-09 20:18:32 - INFO - Creating task for group 23 (Соковая продукция и безалкогольные напитки)
2025-04-09 20:18:32 - INFO - Created task: 9dd88af1-d86b-4a94-bf51-9e1369942abc
2025-04-09 20:18:32 - INFO - Saved 10 tasks to output\Лежнева Евгения - тс54\pending_tasks.txt
2025-04-09 20:19:14 - INFO - Creating tasks for certificate: Лежнева Евгения - тс55
2025-04-09 20:19:14 - INFO - Using date range: 2025-04-08 to 2025-04-08 (yesterday's data)
2025-04-09 20:19:14 - INFO - Creating task for group 1 (Предметы одежды, бельё постельное, столовое, туалетное и кухонное)
2025-04-09 20:19:15 - INFO - Created task: dad4366f-df41-4a25-9d8c-cd0211548df5
2025-04-09 20:19:15 - INFO - Creating task for group 2 (Обувные товары)
2025-04-09 20:19:16 - INFO - Created task: 9f89bed0-5169-496d-bf4f-9aaa229ef1df
2025-04-09 20:19:16 - INFO - Creating task for group 3 (Табачная продукция)
2025-04-09 20:19:16 - INFO - Created task: 55429899-7665-4e94-b90b-cab0963a851d
2025-04-09 20:19:16 - INFO - Creating task for group 4 (Духи и туалетная вода)
2025-04-09 20:19:17 - INFO - Created task: f8e9a917-017a-4663-9ece-3440a95c9d78
2025-04-09 20:19:17 - INFO - Creating task for group 5 (Шины и покрышки пневматические резиновые новые)
2025-04-09 20:19:18 - INFO - Created task: 8736f9e9-6e3f-4d45-90d2-209f2a50024d
2025-04-09 20:19:18 - INFO - Creating task for group 8 (Молочная продукция)
2025-04-09 20:19:19 - INFO - Created task: 3ae4b76c-f59a-4711-94b3-bb7b34b6d807
2025-04-09 20:19:19 - INFO - Creating task for group 13 (Упакованная вода)
2025-04-09 20:19:19 - INFO - Created task: f3384433-80ab-4d5f-8249-40730bf6b1a1
2025-04-09 20:19:19 - INFO - Creating task for group 15 (Пиво, напитки, изготавливаемые на основе пива, слабоалкогольные напитки)
2025-04-09 20:19:20 - INFO - Created task: 53a84a29-54be-45ac-95ac-1ca217fd71c0
2025-04-09 20:19:20 - INFO - Creating task for group 17 (Биологически активные добавки к пище)
2025-04-09 20:19:21 - INFO - Created task: 29a8d96a-7973-40b2-87aa-7fd9eefb5277
2025-04-09 20:19:21 - INFO - Creating task for group 23 (Соковая продукция и безалкогольные напитки)
2025-04-09 20:19:21 - INFO - Created task: b8f01b6e-2b60-4af0-a901-598d62b12e30
2025-04-09 20:19:21 - INFO - Saved 10 tasks to output\Лежнева Евгения - тс55\pending_tasks.txt
2025-04-09 20:20:03 - INFO - Creating tasks for certificate: Лежнева Евгения - тс142
2025-04-09 20:20:03 - INFO - Using date range: 2025-04-08 to 2025-04-08 (yesterday's data)
2025-04-09 20:20:03 - INFO - Creating task for group 1 (Предметы одежды, бельё постельное, столовое, туалетное и кухонное)
2025-04-09 20:20:04 - INFO - Created task: 02187c37-b400-4131-80a0-5c76ab96b992
2025-04-09 20:20:04 - INFO - Creating task for group 2 (Обувные товары)
2025-04-09 20:20:05 - INFO - Created task: e88141ca-176e-4b92-b6a0-1bfd53a69499
2025-04-09 20:20:05 - INFO - Creating task for group 3 (Табачная продукция)
2025-04-09 20:20:05 - INFO - Created task: e22c0a52-27bf-4d52-9523-2f83a41c7efe
2025-04-09 20:20:05 - INFO - Creating task for group 4 (Духи и туалетная вода)
2025-04-09 20:20:06 - INFO - Created task: 87b6397d-9a7b-46f9-916b-72e031862827
2025-04-09 20:20:06 - INFO - Creating task for group 5 (Шины и покрышки пневматические резиновые новые)
2025-04-09 20:20:07 - INFO - Created task: 13cf0352-b482-4897-821e-c9c9d66dd0ec
2025-04-09 20:20:07 - INFO - Creating task for group 8 (Молочная продукция)
2025-04-09 20:20:07 - INFO - Created task: c779ac3e-b91e-4f02-8449-6d422790f0c4
2025-04-09 20:20:07 - INFO - Creating task for group 13 (Упакованная вода)
2025-04-09 20:20:08 - INFO - Created task: 09c1e7b1-2ba9-4b33-92f6-7cc99146f533
2025-04-09 20:20:08 - INFO - Creating task for group 15 (Пиво, напитки, изготавливаемые на основе пива, слабоалкогольные напитки)
2025-04-09 20:20:09 - INFO - Created task: 40cfb2af-6dcc-4753-9df8-98b4554cb245
2025-04-09 20:20:09 - INFO - Creating task for group 17 (Биологически активные добавки к пище)
2025-04-09 20:20:09 - INFO - Created task: 64f5bfea-102b-48c5-ba17-747a2c878845
2025-04-09 20:20:09 - INFO - Creating task for group 23 (Соковая продукция и безалкогольные напитки)
2025-04-09 20:20:10 - INFO - Created task: af417934-d4a4-4de8-aab2-83d134254bdb
2025-04-09 20:20:10 - INFO - Saved 10 tasks to output\Лежнева Евгения - тс142\pending_tasks.txt
2025-04-09 20:23:03 - INFO - Creating tasks for certificate: Омелина Татьяна - тс28
2025-04-09 20:23:03 - INFO - Using date range: 2025-04-08 to 2025-04-08 (yesterday's data)
2025-04-09 20:23:03 - INFO - Creating task for group 1 (Предметы одежды, бельё постельное, столовое, туалетное и кухонное)
2025-04-09 20:23:03 - INFO - Created task: e5c29235-abf2-4166-b681-3c294765f9e5
2025-04-09 20:23:03 - INFO - Creating task for group 2 (Обувные товары)
2025-04-09 20:23:04 - INFO - Created task: 2379831e-57c1-4ef9-8c9c-19b4defac542
2025-04-09 20:23:04 - INFO - Creating task for group 3 (Табачная продукция)
2025-04-09 20:23:05 - INFO - Created task: 2d3267a3-269e-46ee-8927-0834239c9bf1
2025-04-09 20:23:05 - INFO - Creating task for group 4 (Духи и туалетная вода)
2025-04-09 20:23:05 - INFO - Created task: bb0e9f53-0540-4e34-ac00-3277009729b1
2025-04-09 20:23:05 - INFO - Creating task for group 5 (Шины и покрышки пневматические резиновые новые)
2025-04-09 20:23:06 - INFO - Created task: 99d90afa-f28a-4374-853b-876bf01aea5e
2025-04-09 20:23:06 - INFO - Creating task for group 8 (Молочная продукция)
2025-04-09 20:23:07 - INFO - Created task: cd9a4011-3cee-42ac-8857-b34b810af9b4
2025-04-09 20:23:07 - INFO - Creating task for group 13 (Упакованная вода)
2025-04-09 20:23:07 - INFO - Created task: f5f60df0-434a-40df-8964-2b0273f142d5
2025-04-09 20:23:07 - INFO - Creating task for group 15 (Пиво, напитки, изготавливаемые на основе пива, слабоалкогольные напитки)
2025-04-09 20:23:08 - INFO - Created task: 3c3f4160-749d-4e5c-a030-7a80ccc1610f
2025-04-09 20:23:08 - INFO - Creating task for group 17 (Биологически активные добавки к пище)
2025-04-09 20:23:09 - INFO - Created task: 2c757677-4c89-46eb-9e26-ff4ace6133df
2025-04-09 20:23:09 - INFO - Creating task for group 23 (Соковая продукция и безалкогольные напитки)
2025-04-09 20:23:09 - INFO - Created task: d58fb24f-80f1-49de-8560-3f418aa406fc
2025-04-09 20:23:09 - INFO - Saved 10 tasks to output\Омелина Татьяна - тс28\pending_tasks.txt
2025-04-09 20:23:30 - INFO - Creating tasks for certificate: Хуторская Татьяна - тс324
2025-04-09 20:23:30 - INFO - Using date range: 2025-04-08 to 2025-04-08 (yesterday's data)
2025-04-09 20:23:30 - INFO - Creating task for group 1 (Предметы одежды, бельё постельное, столовое, туалетное и кухонное)
2025-04-09 20:23:30 - INFO - Created task: 11f62adc-c10e-41c1-b810-0c067ddd3f5d
2025-04-09 20:23:30 - INFO - Creating task for group 2 (Обувные товары)
2025-04-09 20:23:31 - INFO - Created task: 982d7471-8a41-4303-9067-c612d15a8c69
2025-04-09 20:23:31 - INFO - Creating task for group 3 (Табачная продукция)
2025-04-09 20:23:32 - INFO - Created task: fce60249-ad66-4928-a72e-092f01a7695a
2025-04-09 20:23:32 - INFO - Creating task for group 4 (Духи и туалетная вода)
2025-04-09 20:23:32 - INFO - Created task: 1a5c35de-514e-4fc2-a39a-67e8d9dc9a4e
2025-04-09 20:23:32 - INFO - Creating task for group 5 (Шины и покрышки пневматические резиновые новые)
2025-04-09 20:23:33 - INFO - Created task: 8cb5ff9a-2885-4b03-8cd0-d23254556bd0
2025-04-09 20:23:33 - INFO - Creating task for group 8 (Молочная продукция)
2025-04-09 20:23:34 - INFO - Created task: 2bd565ec-ceb8-4066-bf6a-a57775451b68
2025-04-09 20:23:34 - INFO - Creating task for group 13 (Упакованная вода)
2025-04-09 20:23:34 - INFO - Created task: 4ebbda8d-e784-44ed-a8d6-7e0e9606cdbf
2025-04-09 20:23:34 - INFO - Creating task for group 15 (Пиво, напитки, изготавливаемые на основе пива, слабоалкогольные напитки)
2025-04-09 20:23:35 - INFO - Created task: d0487c0c-ef66-4c17-b51a-b12626e2ef20
2025-04-09 20:23:35 - INFO - Creating task for group 17 (Биологически активные добавки к пище)
2025-04-09 20:23:36 - INFO - Created task: ba1f7865-b152-427d-abab-2a6ba745e48c
2025-04-09 20:23:36 - INFO - Creating task for group 23 (Соковая продукция и безалкогольные напитки)
2025-04-09 20:23:36 - INFO - Created task: c8995a60-0a02-4e9b-af30-e2aa91192cac
2025-04-09 20:23:36 - INFO - Saved 10 tasks to output\Хуторская Татьяна - тс324\pending_tasks.txt
2025-04-09 20:24:18 - INFO - Creating tasks for certificate: Хуторская Татьяна - тс124
2025-04-09 20:24:18 - INFO - Using date range: 2025-04-08 to 2025-04-08 (yesterday's data)
2025-04-09 20:24:18 - INFO - Creating task for group 1 (Предметы одежды, бельё постельное, столовое, туалетное и кухонное)
2025-04-09 20:24:19 - INFO - Created task: b951a667-df02-480c-bf06-ab2bb1b42292
2025-04-09 20:24:19 - INFO - Creating task for group 2 (Обувные товары)
2025-04-09 20:24:20 - INFO - Created task: 88ac0f2f-44d1-4974-ae9a-7778678c10e2
2025-04-09 20:24:20 - INFO - Creating task for group 3 (Табачная продукция)
2025-04-09 20:24:21 - INFO - Created task: 6208380f-b767-483b-b187-85ea9548e8c7
2025-04-09 20:24:21 - INFO - Creating task for group 4 (Духи и туалетная вода)
2025-04-09 20:24:21 - INFO - Created task: b967674c-c0f4-4e81-8158-55b6a13024ca
2025-04-09 20:24:21 - INFO - Creating task for group 5 (Шины и покрышки пневматические резиновые новые)
2025-04-09 20:24:22 - INFO - Created task: 4e536722-8c44-4226-b3eb-1712e5e05700
2025-04-09 20:24:22 - INFO - Creating task for group 8 (Молочная продукция)
2025-04-09 20:24:23 - INFO - Created task: 0b4cadf6-3f25-47bc-959c-50341b40854f
2025-04-09 20:24:23 - INFO - Creating task for group 13 (Упакованная вода)
2025-04-09 20:24:23 - INFO - Created task: a05d9848-e047-4268-a82b-2cb610132c74
2025-04-09 20:24:23 - INFO - Creating task for group 15 (Пиво, напитки, изготавливаемые на основе пива, слабоалкогольные напитки)
2025-04-09 20:24:24 - INFO - Created task: 8aa0a155-fcc9-4dd1-a30f-dd88bb480131
2025-04-09 20:24:24 - INFO - Creating task for group 17 (Биологически активные добавки к пище)
2025-04-09 20:24:25 - INFO - Created task: 3558deda-0b29-4111-a68b-dc327d0ee3d5
2025-04-09 20:24:25 - INFO - Creating task for group 23 (Соковая продукция и безалкогольные напитки)
2025-04-09 20:24:25 - INFO - Created task: 46312237-a4e6-4720-8e0a-b4b74d3c1d20
2025-04-09 20:24:25 - INFO - Saved 10 tasks to output\Хуторская Татьяна - тс124\pending_tasks.txt
2025-04-09 20:24:46 - INFO - Creating tasks for certificate: Хуторская Татьяна - тс3
2025-04-09 20:24:46 - INFO - Using date range: 2025-04-08 to 2025-04-08 (yesterday's data)
2025-04-09 20:24:46 - INFO - Creating task for group 1 (Предметы одежды, бельё постельное, столовое, туалетное и кухонное)
2025-04-09 20:24:46 - INFO - Created task: 6c10cb78-1539-43b0-a446-3b439fdd6cd9
2025-04-09 20:24:46 - INFO - Creating task for group 2 (Обувные товары)
2025-04-09 20:24:47 - INFO - Created task: ac37949d-451d-438e-9a6c-f973dd529eaf
2025-04-09 20:24:47 - INFO - Creating task for group 3 (Табачная продукция)
2025-04-09 20:24:48 - INFO - Created task: c5ff68fa-b74c-4053-a6b1-4096031bbcf3
2025-04-09 20:24:48 - INFO - Creating task for group 4 (Духи и туалетная вода)
2025-04-09 20:24:48 - INFO - Created task: 401fa64a-b038-40f6-8b53-93228c90c9f3
2025-04-09 20:24:48 - INFO - Creating task for group 5 (Шины и покрышки пневматические резиновые новые)
2025-04-09 20:24:49 - INFO - Created task: 3912d3ba-4807-41a9-8685-f57c19503104
2025-04-09 20:24:49 - INFO - Creating task for group 8 (Молочная продукция)
2025-04-09 20:24:50 - INFO - Created task: abf6d223-ee8d-4a99-8032-5f47f3f74eb4
2025-04-09 20:24:50 - INFO - Creating task for group 13 (Упакованная вода)
2025-04-09 20:24:50 - INFO - Created task: 28d175e0-8951-494c-86f2-650da4c14870
2025-04-09 20:24:50 - INFO - Creating task for group 15 (Пиво, напитки, изготавливаемые на основе пива, слабоалкогольные напитки)
2025-04-09 20:24:51 - INFO - Created task: b2d85c75-d282-4868-82fc-56b5ff8926a2
2025-04-09 20:24:51 - INFO - Creating task for group 17 (Биологически активные добавки к пище)
2025-04-09 20:24:52 - INFO - Created task: d24c3017-2261-4b64-b8d3-5a14f040cf8c
2025-04-09 20:24:52 - INFO - Creating task for group 23 (Соковая продукция и безалкогольные напитки)
2025-04-09 20:24:52 - INFO - Created task: ebd93e2d-fd64-49c1-8dc3-ef71fff3e38a
2025-04-09 20:24:52 - INFO - Saved 10 tasks to output\Хуторская Татьяна - тс3\pending_tasks.txt
2025-04-09 20:25:35 - INFO - Creating tasks for certificate: Хуторская Татьяна - тс5
2025-04-09 20:25:35 - INFO - Using date range: 2025-04-08 to 2025-04-08 (yesterday's data)
2025-04-09 20:25:35 - INFO - Creating task for group 1 (Предметы одежды, бельё постельное, столовое, туалетное и кухонное)
2025-04-09 20:25:35 - INFO - Created task: 593547d6-384a-416a-92c2-94daeb32336e
2025-04-09 20:25:36 - INFO - Creating task for group 2 (Обувные товары)
2025-04-09 20:25:36 - INFO - Created task: eb9f08d9-2136-497c-a641-8f0a074bc484
2025-04-09 20:25:36 - INFO - Creating task for group 3 (Табачная продукция)
2025-04-09 20:25:37 - INFO - Created task: a58b0d8e-5ea4-473f-872e-8115d138c625
2025-04-09 20:25:37 - INFO - Creating task for group 4 (Духи и туалетная вода)
2025-04-09 20:25:38 - INFO - Created task: 9e53112b-fcdd-490a-bef9-79c89706b732
2025-04-09 20:25:38 - INFO - Creating task for group 5 (Шины и покрышки пневматические резиновые новые)
2025-04-09 20:25:38 - INFO - Created task: 20b030ac-5503-4c80-b239-9d076cda5498
2025-04-09 20:25:38 - INFO - Creating task for group 8 (Молочная продукция)
2025-04-09 20:25:39 - INFO - Created task: e1ee81da-8e01-4497-9744-a98b356abee3
2025-04-09 20:25:39 - INFO - Creating task for group 13 (Упакованная вода)
2025-04-09 20:25:40 - INFO - Created task: fc2a8235-8aa3-4fb4-bfd8-f445fcd0ad2c
2025-04-09 20:25:40 - INFO - Creating task for group 15 (Пиво, напитки, изготавливаемые на основе пива, слабоалкогольные напитки)
2025-04-09 20:25:40 - INFO - Created task: 5695f8c5-b926-4e5b-8506-77b72f399b50
2025-04-09 20:25:40 - INFO - Creating task for group 17 (Биологически активные добавки к пище)
2025-04-09 20:25:41 - INFO - Created task: dd8f3c0f-a258-4c89-9e62-8a8b2f918ba4
2025-04-09 20:25:41 - INFO - Creating task for group 23 (Соковая продукция и безалкогольные напитки)
2025-04-09 20:25:42 - INFO - Created task: d1e9c90b-358e-4768-8980-7af0c2943a9d
2025-04-09 20:25:42 - INFO - Saved 10 tasks to output\Хуторская Татьяна - тс5\pending_tasks.txt
2025-04-09 20:26:22 - INFO - Creating tasks for certificate: Лежнева Евгения - тс54
2025-04-09 20:26:22 - INFO - Using date range: 2025-04-08 to 2025-04-08 (yesterday's data)
2025-04-09 20:26:22 - INFO - Creating task for group 1 (Предметы одежды, бельё постельное, столовое, туалетное и кухонное)
2025-04-09 20:26:23 - INFO - Created task: 7bca3341-66f7-4cbb-9bbf-a8275d1ad080
2025-04-09 20:26:23 - INFO - Creating task for group 2 (Обувные товары)
2025-04-09 20:26:24 - INFO - Created task: e3701661-06b5-47ec-b0e8-5a7b150b5eb1
2025-04-09 20:26:24 - INFO - Creating task for group 3 (Табачная продукция)
2025-04-09 20:26:25 - INFO - Created task: eeb7325e-328c-4e4f-9493-2a815017d6bb
2025-04-09 20:26:25 - INFO - Creating task for group 4 (Духи и туалетная вода)
2025-04-09 20:26:25 - INFO - Created task: 7251be5c-5be1-47fb-b581-1642e2d090d8
2025-04-09 20:26:25 - INFO - Creating task for group 5 (Шины и покрышки пневматические резиновые новые)
2025-04-09 20:26:26 - INFO - Created task: b83194b1-233e-4c6b-819a-0e9095ad3181
2025-04-09 20:26:26 - INFO - Creating task for group 8 (Молочная продукция)
2025-04-09 20:26:27 - INFO - Created task: 36a6e9d8-3c11-4aa9-bfb5-f0a9da165ff0
2025-04-09 20:26:27 - INFO - Creating task for group 13 (Упакованная вода)
2025-04-09 20:26:27 - INFO - Created task: 65a296d7-27b6-4d22-b79f-f9a393965ac0
2025-04-09 20:26:27 - INFO - Creating task for group 15 (Пиво, напитки, изготавливаемые на основе пива, слабоалкогольные напитки)
2025-04-09 20:26:28 - INFO - Created task: 0fe59450-c0cc-4d90-899e-f396ac6005fc
2025-04-09 20:26:28 - INFO - Creating task for group 17 (Биологически активные добавки к пище)
2025-04-09 20:26:29 - INFO - Created task: 2e366b4b-7864-4d9d-92c0-eade17ebd735
2025-04-09 20:26:29 - INFO - Creating task for group 23 (Соковая продукция и безалкогольные напитки)
2025-04-09 20:26:29 - INFO - Created task: 82e7e365-1638-4c46-b807-7811df1facc7
2025-04-09 20:26:29 - INFO - Saved 10 tasks to output\Лежнева Евгения - тс54\pending_tasks.txt
2025-04-09 20:26:51 - INFO - Creating tasks for certificate: Лежнева Евгения - тс55
2025-04-09 20:26:51 - INFO - Using date range: 2025-04-08 to 2025-04-08 (yesterday's data)
2025-04-09 20:26:51 - INFO - Creating task for group 1 (Предметы одежды, бельё постельное, столовое, туалетное и кухонное)
2025-04-09 20:26:52 - INFO - Created task: a2e1e33d-96c6-41c0-afa8-51eb2b4cfcaa
2025-04-09 20:26:52 - INFO - Creating task for group 2 (Обувные товары)
2025-04-09 20:26:53 - INFO - Created task: c4efdd37-1db7-4be7-af25-4210afcd97a5
2025-04-09 20:26:53 - INFO - Creating task for group 3 (Табачная продукция)
2025-04-09 20:26:54 - INFO - Created task: f083f35b-e5a7-4d3d-afb2-2509f62f1202
2025-04-09 20:26:54 - INFO - Creating task for group 4 (Духи и туалетная вода)
2025-04-09 20:26:54 - INFO - Created task: edf925de-4aa6-4165-8953-6f90ba26ba39
2025-04-09 20:26:54 - INFO - Creating task for group 5 (Шины и покрышки пневматические резиновые новые)
2025-04-09 20:26:55 - INFO - Created task: 01da1a7b-635f-4fef-bda9-e9629f9a3c3f
2025-04-09 20:26:55 - INFO - Creating task for group 8 (Молочная продукция)
2025-04-09 20:26:56 - INFO - Created task: 90e7907c-9cc4-44ae-982d-eb5fde4a91d9
2025-04-09 20:26:56 - INFO - Creating task for group 13 (Упакованная вода)
2025-04-09 20:26:56 - INFO - Created task: e7dd54af-412e-4125-b1f2-588f069d48ff
2025-04-09 20:26:56 - INFO - Creating task for group 15 (Пиво, напитки, изготавливаемые на основе пива, слабоалкогольные напитки)
2025-04-09 20:26:57 - INFO - Created task: 262991e8-a54c-4a95-a5de-e58782615748
2025-04-09 20:26:57 - INFO - Creating task for group 17 (Биологически активные добавки к пище)
2025-04-09 20:26:58 - INFO - Created task: 014d410e-711e-4db5-8066-060cdb00c4ee
2025-04-09 20:26:58 - INFO - Creating task for group 23 (Соковая продукция и безалкогольные напитки)
2025-04-09 20:26:58 - INFO - Created task: cd56fc61-bdf1-4aa8-ba31-fc70265fdb58
2025-04-09 20:26:58 - INFO - Saved 10 tasks to output\Лежнева Евгения - тс55\pending_tasks.txt
2025-04-09 20:27:40 - INFO - Creating tasks for certificate: Лежнева Евгения - тс142
2025-04-09 20:27:40 - INFO - Using date range: 2025-04-08 to 2025-04-08 (yesterday's data)
2025-04-09 20:27:40 - INFO - Creating task for group 1 (Предметы одежды, бельё постельное, столовое, туалетное и кухонное)
2025-04-09 20:27:41 - INFO - Created task: c161337e-1c8b-49bf-9ae3-bafa1e627344
2025-04-09 20:27:41 - INFO - Creating task for group 2 (Обувные товары)
2025-04-09 20:27:41 - INFO - Created task: 4bdd6527-a6d2-41d1-89c8-1afb644cc0ee
2025-04-09 20:27:41 - INFO - Creating task for group 3 (Табачная продукция)
2025-04-09 20:27:42 - INFO - Created task: 0591241c-896e-4825-9dba-15477bb7ed09
2025-04-09 20:27:42 - INFO - Creating task for group 4 (Духи и туалетная вода)
2025-04-09 20:27:43 - INFO - Created task: c42a4aac-4d87-4de0-b89e-b4cdbc171f40
2025-04-09 20:27:43 - INFO - Creating task for group 5 (Шины и покрышки пневматические резиновые новые)
2025-04-09 20:27:43 - INFO - Created task: 7777f74c-9161-41ee-bbcb-e654753af8d4
2025-04-09 20:27:43 - INFO - Creating task for group 8 (Молочная продукция)
2025-04-09 20:27:44 - INFO - Created task: 0c01d49b-16a9-4f01-9706-e79275025237
2025-04-09 20:27:44 - INFO - Creating task for group 13 (Упакованная вода)
2025-04-09 20:27:45 - INFO - Created task: 6be67f44-308e-4f2d-b7dd-ca054f906d28
2025-04-09 20:27:45 - INFO - Creating task for group 15 (Пиво, напитки, изготавливаемые на основе пива, слабоалкогольные напитки)
2025-04-09 20:27:45 - INFO - Created task: 166cf75c-89d3-415a-89cc-f6cd506ead5d
2025-04-09 20:27:45 - INFO - Creating task for group 17 (Биологически активные добавки к пище)
2025-04-09 20:27:46 - INFO - Created task: b1493b1b-7a44-469c-895c-99b2ef4f167c
2025-04-09 20:27:46 - INFO - Creating task for group 23 (Соковая продукция и безалкогольные напитки)
2025-04-09 20:27:47 - INFO - Created task: 37b5abec-6bd0-43e8-89e7-b770f29fd9d7
2025-04-09 20:27:47 - INFO - Saved 10 tasks to output\Лежнева Евгения - тс142\pending_tasks.txt
2025-04-09 20:29:37 - INFO - Creating tasks for certificate: Омелина Татьяна - тс28
2025-04-09 20:29:37 - INFO - Using date range: 2025-04-08 to 2025-04-08 (yesterday's data)
2025-04-09 20:29:37 - INFO - Creating task for group 1 (Предметы одежды, бельё постельное, столовое, туалетное и кухонное)
2025-04-09 20:29:37 - INFO - Created task: 0133ac2a-95d7-43d4-9242-69759ec83b76
2025-04-09 20:29:37 - INFO - Creating task for group 2 (Обувные товары)
2025-04-09 20:29:38 - INFO - Created task: 52944d5c-12ac-48ba-9d87-ac2a1974f25d
2025-04-09 20:29:38 - INFO - Creating task for group 3 (Табачная продукция)
2025-04-09 20:29:39 - INFO - Created task: f833e893-2ba8-4b23-9992-fd65f685fcae
2025-04-09 20:29:39 - INFO - Creating task for group 4 (Духи и туалетная вода)
2025-04-09 20:29:39 - INFO - Created task: 11af0036-6d38-40a9-b60d-eaa3585ef673
2025-04-09 20:29:39 - INFO - Creating task for group 5 (Шины и покрышки пневматические резиновые новые)
2025-04-09 20:29:40 - INFO - Created task: f3f2fc28-df51-4d26-814f-a76b3460cf5e
2025-04-09 20:29:40 - INFO - Creating task for group 8 (Молочная продукция)
2025-04-09 20:29:41 - INFO - Created task: 8845ad64-fe4a-4a35-9c0f-0a54478dbc2a
2025-04-09 20:29:41 - INFO - Creating task for group 13 (Упакованная вода)
2025-04-09 20:29:41 - INFO - Created task: 60c468e5-17d4-4e5f-907c-152e23bb000a
2025-04-09 20:29:41 - INFO - Creating task for group 15 (Пиво, напитки, изготавливаемые на основе пива, слабоалкогольные напитки)
2025-04-09 20:29:42 - INFO - Created task: 383e01c5-78cc-4c08-b46e-42d34dacbc0b
2025-04-09 20:29:42 - INFO - Creating task for group 17 (Биологически активные добавки к пище)
2025-04-09 20:29:43 - INFO - Created task: 0516888b-73c0-4a2a-8ff8-eb158c6a0625
2025-04-09 20:29:43 - INFO - Creating task for group 23 (Соковая продукция и безалкогольные напитки)
2025-04-09 20:29:43 - INFO - Created task: 0dcc891e-9720-475f-bc42-b7450c01b84f
2025-04-09 20:29:43 - INFO - Saved 10 tasks to output\Омелина Татьяна - тс28\pending_tasks.txt
2025-04-09 20:30:25 - INFO - Creating tasks for certificate: Хуторская Татьяна - тс324
2025-04-09 20:30:25 - INFO - Using date range: 2025-04-08 to 2025-04-08 (yesterday's data)
2025-04-09 20:30:25 - INFO - Creating task for group 1 (Предметы одежды, бельё постельное, столовое, туалетное и кухонное)
2025-04-09 20:30:26 - INFO - Created task: c98d6bdb-4ec8-43d5-842d-f408b868a7d1
2025-04-09 20:30:26 - INFO - Creating task for group 2 (Обувные товары)
2025-04-09 20:30:26 - INFO - Created task: a98b3b23-8102-4430-aa57-35c3d5494b93
2025-04-09 20:30:26 - INFO - Creating task for group 3 (Табачная продукция)
2025-04-09 20:30:27 - INFO - Created task: 6ebd34a9-538e-4780-9aad-e1b0392b11d5
2025-04-09 20:30:27 - INFO - Creating task for group 4 (Духи и туалетная вода)
2025-04-09 20:30:28 - INFO - Created task: 54085140-261f-4883-8d78-c55f067a1210
2025-04-09 20:30:28 - INFO - Creating task for group 5 (Шины и покрышки пневматические резиновые новые)
2025-04-09 20:30:28 - INFO - Created task: a4225dff-69f1-446a-a8ba-d00e672935bf
2025-04-09 20:30:28 - INFO - Creating task for group 8 (Молочная продукция)
2025-04-09 20:30:29 - INFO - Created task: fc898cfe-7f0e-4129-bbdc-439a4b79766b
2025-04-09 20:30:29 - INFO - Creating task for group 13 (Упакованная вода)
2025-04-09 20:30:30 - INFO - Created task: 5b4bded9-e8bb-4c6b-8046-66dcd0b8117b
2025-04-09 20:30:30 - INFO - Creating task for group 15 (Пиво, напитки, изготавливаемые на основе пива, слабоалкогольные напитки)
2025-04-09 20:30:30 - INFO - Created task: 425a8c4f-0bc7-4940-87ec-2707bb2122b1
2025-04-09 20:30:30 - INFO - Creating task for group 17 (Биологически активные добавки к пище)
2025-04-09 20:30:31 - INFO - Created task: 0110bc94-5a91-44c0-bfdc-65854c694f46
2025-04-09 20:30:31 - INFO - Creating task for group 23 (Соковая продукция и безалкогольные напитки)
2025-04-09 20:30:32 - INFO - Created task: eb7f7673-4c35-48aa-a174-34b61e2df33b
2025-04-09 20:30:32 - INFO - Saved 10 tasks to output\Хуторская Татьяна - тс324\pending_tasks.txt
2025-04-09 20:31:13 - INFO - Creating tasks for certificate: Хуторская Татьяна - тс124
2025-04-09 20:31:13 - INFO - Using date range: 2025-04-08 to 2025-04-08 (yesterday's data)
2025-04-09 20:31:13 - INFO - Creating task for group 1 (Предметы одежды, бельё постельное, столовое, туалетное и кухонное)
2025-04-09 20:31:14 - INFO - Created task: 5c73e3bf-fd11-401f-a9c2-b485746be7d6
2025-04-09 20:31:14 - INFO - Creating task for group 2 (Обувные товары)
2025-04-09 20:31:14 - INFO - Created task: 07d08689-ba7e-4f6c-a998-cdcd87142261
2025-04-09 20:31:14 - INFO - Creating task for group 3 (Табачная продукция)
2025-04-09 20:31:15 - INFO - Created task: 3629b1dd-4bd5-4444-9497-3c1e4a83bb9f
2025-04-09 20:31:15 - INFO - Creating task for group 4 (Духи и туалетная вода)
2025-04-09 20:31:16 - INFO - Created task: 0d16284f-2f10-4bb1-8342-794b1017430f
2025-04-09 20:31:16 - INFO - Creating task for group 5 (Шины и покрышки пневматические резиновые новые)
2025-04-09 20:31:16 - INFO - Created task: d35f7772-8f51-4732-a04f-fbb65215222b
2025-04-09 20:31:16 - INFO - Creating task for group 8 (Молочная продукция)
2025-04-09 20:31:17 - INFO - Created task: e1ae6351-a3cd-46a7-bb41-1b3dd807442a
2025-04-09 20:31:17 - INFO - Creating task for group 13 (Упакованная вода)
2025-04-09 20:31:18 - INFO - Created task: 03dfd900-2395-4f5a-881d-39b66828ca20
2025-04-09 20:31:18 - INFO - Creating task for group 15 (Пиво, напитки, изготавливаемые на основе пива, слабоалкогольные напитки)
2025-04-09 20:31:18 - INFO - Created task: 267468e7-506a-40c2-b2b6-371bc438179d
2025-04-09 20:31:19 - INFO - Creating task for group 17 (Биологически активные добавки к пище)
2025-04-09 20:31:19 - INFO - Created task: 277903f3-c363-4db2-880f-ec0949d551d5
2025-04-09 20:31:19 - INFO - Creating task for group 23 (Соковая продукция и безалкогольные напитки)
2025-04-09 20:31:20 - INFO - Created task: 3c19304b-9ad3-4317-823b-e4876e2e5f8d
2025-04-09 20:31:20 - INFO - Saved 10 tasks to output\Хуторская Татьяна - тс124\pending_tasks.txt
2025-04-09 20:32:01 - INFO - Creating tasks for certificate: Хуторская Татьяна - тс3
2025-04-09 20:32:01 - INFO - Using date range: 2025-04-08 to 2025-04-08 (yesterday's data)
2025-04-09 20:32:01 - INFO - Creating task for group 1 (Предметы одежды, бельё постельное, столовое, туалетное и кухонное)
2025-04-09 20:32:02 - INFO - Created task: f35b539a-6e88-470c-9ba1-f4366fc3d314
2025-04-09 20:32:02 - INFO - Creating task for group 2 (Обувные товары)
2025-04-09 20:32:03 - INFO - Created task: 955af5b0-71d4-4ff9-806a-9a39205c4949
2025-04-09 20:32:03 - INFO - Creating task for group 3 (Табачная продукция)
2025-04-09 20:32:03 - INFO - Created task: 7ebcae57-d993-497e-a22b-ee3f1521ecca
2025-04-09 20:32:03 - INFO - Creating task for group 4 (Духи и туалетная вода)
2025-04-09 20:32:04 - INFO - Created task: e30409f6-5a0b-4e99-9049-8312a4506ee0
2025-04-09 20:32:04 - INFO - Creating task for group 5 (Шины и покрышки пневматические резиновые новые)
2025-04-09 20:32:04 - INFO - Created task: 6c6de93c-c254-4b45-ba65-69c81decca95
2025-04-09 20:32:04 - INFO - Creating task for group 8 (Молочная продукция)
2025-04-09 20:32:05 - INFO - Created task: 207d3f28-c7ad-4194-8515-0d5e3cc4926e
2025-04-09 20:32:05 - INFO - Creating task for group 13 (Упакованная вода)
2025-04-09 20:32:06 - INFO - Created task: a62c76a6-3d87-4057-a4a0-f00d61a14442
2025-04-09 20:32:06 - INFO - Creating task for group 15 (Пиво, напитки, изготавливаемые на основе пива, слабоалкогольные напитки)
2025-04-09 20:32:07 - INFO - Created task: 6574ff12-4b34-40c8-9bba-61f96380ec8b
2025-04-09 20:32:07 - INFO - Creating task for group 17 (Биологически активные добавки к пище)
2025-04-09 20:32:07 - INFO - Created task: 71dcf982-0599-4233-8dca-cb9a6b631400
2025-04-09 20:32:07 - INFO - Creating task for group 23 (Соковая продукция и безалкогольные напитки)
2025-04-09 20:32:08 - INFO - Created task: f90e6b8f-35d2-459d-97b9-a68435410ebf
2025-04-09 20:32:08 - INFO - Saved 10 tasks to output\Хуторская Татьяна - тс3\pending_tasks.txt
2025-04-09 20:32:49 - INFO - Creating tasks for certificate: Хуторская Татьяна - тс5
2025-04-09 20:32:49 - INFO - Using date range: 2025-04-08 to 2025-04-08 (yesterday's data)
2025-04-09 20:32:49 - INFO - Creating task for group 1 (Предметы одежды, бельё постельное, столовое, туалетное и кухонное)
2025-04-09 20:32:50 - INFO - Created task: 607882ed-8175-4090-b784-3ef29d6f2b07
2025-04-09 20:32:50 - INFO - Creating task for group 2 (Обувные товары)
2025-04-09 20:32:50 - INFO - Created task: 952ebe95-f4ad-47c8-994f-d8cd8ba51cd4
2025-04-09 20:32:50 - INFO - Creating task for group 3 (Табачная продукция)
2025-04-09 20:32:51 - INFO - Created task: da5bcd59-7db3-4802-b141-73b7727e1fb2
2025-04-09 20:32:51 - INFO - Creating task for group 4 (Духи и туалетная вода)
2025-04-09 20:32:52 - INFO - Created task: 02abef2a-7ce0-4aec-a844-4bd33b74831d
2025-04-09 20:32:52 - INFO - Creating task for group 5 (Шины и покрышки пневматические резиновые новые)
2025-04-09 20:32:52 - INFO - Created task: fe9cad59-2e87-4080-b563-e178a1b2e496
2025-04-09 20:32:52 - INFO - Creating task for group 8 (Молочная продукция)
2025-04-09 20:32:53 - INFO - Created task: 801aeb9a-bd93-428a-a910-97d3bab21185
2025-04-09 20:32:53 - INFO - Creating task for group 13 (Упакованная вода)
2025-04-09 20:32:54 - INFO - Created task: 35f05500-96bb-48c8-a67f-4f941c7186ea
2025-04-09 20:32:54 - INFO - Creating task for group 15 (Пиво, напитки, изготавливаемые на основе пива, слабоалкогольные напитки)
2025-04-09 20:32:54 - INFO - Created task: 41a9e65a-31fc-43e4-8f52-226759fa7472
2025-04-09 20:32:54 - INFO - Creating task for group 17 (Биологически активные добавки к пище)
2025-04-09 20:32:55 - INFO - Created task: 29b66c93-7f2b-4afc-910d-a6fa816cb4cf
2025-04-09 20:32:55 - INFO - Creating task for group 23 (Соковая продукция и безалкогольные напитки)
2025-04-09 20:32:56 - INFO - Created task: a4120127-cdd1-4065-a20c-27ca69e422a3
2025-04-09 20:32:56 - INFO - Saved 10 tasks to output\Хуторская Татьяна - тс5\pending_tasks.txt
2025-04-09 20:33:37 - INFO - Creating tasks for certificate: Лежнева Евгения - тс54
2025-04-09 20:33:37 - INFO - Using date range: 2025-04-08 to 2025-04-08 (yesterday's data)
2025-04-09 20:33:37 - INFO - Creating task for group 1 (Предметы одежды, бельё постельное, столовое, туалетное и кухонное)
2025-04-09 20:33:38 - INFO - Created task: d7175229-9f25-4854-90e3-560b9339f5ba
2025-04-09 20:33:38 - INFO - Creating task for group 2 (Обувные товары)
2025-04-09 20:33:38 - INFO - Created task: a9f54b98-1f57-47e5-ba4d-f446a16f555c
2025-04-09 20:33:38 - INFO - Creating task for group 3 (Табачная продукция)
2025-04-09 20:33:39 - INFO - Created task: c4771123-5ea2-48a5-845b-e78a49a21bf7
2025-04-09 20:33:39 - INFO - Creating task for group 4 (Духи и туалетная вода)
2025-04-09 20:33:40 - INFO - Created task: 80556437-6a00-417b-a0c4-d965602b189a
2025-04-09 20:33:40 - INFO - Creating task for group 5 (Шины и покрышки пневматические резиновые новые)
2025-04-09 20:33:41 - INFO - Created task: 5559dbf1-aa53-4711-9a79-4216e40a5fe1
2025-04-09 20:33:41 - INFO - Creating task for group 8 (Молочная продукция)
2025-04-09 20:33:41 - INFO - Created task: 4ab331d8-576d-4e94-8d78-0b6898eec4f1
2025-04-09 20:33:41 - INFO - Creating task for group 13 (Упакованная вода)
2025-04-09 20:33:42 - INFO - Created task: 6800ef4d-02d8-42a4-9451-581ec5fd2063
2025-04-09 20:33:42 - INFO - Creating task for group 15 (Пиво, напитки, изготавливаемые на основе пива, слабоалкогольные напитки)
2025-04-09 20:33:43 - INFO - Created task: 4d908886-a579-4dc7-8df5-d866b9b44eda
2025-04-09 20:33:43 - INFO - Creating task for group 17 (Биологически активные добавки к пище)
2025-04-09 20:33:43 - INFO - Created task: 0f6ee813-db0e-4bf2-bea6-5f25abe4d4f5
2025-04-09 20:33:43 - INFO - Creating task for group 23 (Соковая продукция и безалкогольные напитки)
2025-04-09 20:33:44 - INFO - Created task: 67e3ea15-d341-40bf-a5cc-82eea0636b89
2025-04-09 20:33:44 - INFO - Saved 10 tasks to output\Лежнева Евгения - тс54\pending_tasks.txt
2025-04-09 20:34:04 - INFO - Creating tasks for certificate: Лежнева Евгения - тс55
2025-04-09 20:34:04 - INFO - Using date range: 2025-04-08 to 2025-04-08 (yesterday's data)
2025-04-09 20:34:04 - INFO - Creating task for group 1 (Предметы одежды, бельё постельное, столовое, туалетное и кухонное)
2025-04-09 20:34:05 - INFO - Created task: 4df702aa-83e7-4113-8618-002b649c0f86
2025-04-09 20:34:05 - INFO - Creating task for group 2 (Обувные товары)
2025-04-09 20:34:06 - INFO - Created task: babd2c6d-761e-4720-923b-91e8d055dd4e
2025-04-09 20:34:06 - INFO - Creating task for group 3 (Табачная продукция)
2025-04-09 20:34:06 - INFO - Created task: 4e6a48a2-b9a2-4b38-9508-54b95bf7fdb6
2025-04-09 20:34:07 - INFO - Creating task for group 4 (Духи и туалетная вода)
2025-04-09 20:34:07 - INFO - Created task: f1c32551-956a-471c-b2fa-7ef13d9dfe77
2025-04-09 20:34:07 - INFO - Creating task for group 5 (Шины и покрышки пневматические резиновые новые)
2025-04-09 20:34:08 - INFO - Created task: 4b345924-60a1-4d96-8319-0dd52c1420f1
2025-04-09 20:34:08 - INFO - Creating task for group 8 (Молочная продукция)
2025-04-09 20:34:09 - INFO - Created task: 3a6c0d08-c52f-4882-bae9-6156ec371aad
2025-04-09 20:34:09 - INFO - Creating task for group 13 (Упакованная вода)
2025-04-09 20:34:09 - INFO - Created task: e571ac51-14bd-402a-8da3-fdccd8e85e7d
2025-04-09 20:34:09 - INFO - Creating task for group 15 (Пиво, напитки, изготавливаемые на основе пива, слабоалкогольные напитки)
2025-04-09 20:34:10 - INFO - Created task: 17d4790d-e14f-4c4f-8001-bbeba1e3cda0
2025-04-09 20:34:10 - INFO - Creating task for group 17 (Биологически активные добавки к пище)
2025-04-09 20:34:11 - INFO - Created task: bcd93f45-c2a3-49e5-a577-879f2b904c23
2025-04-09 20:34:11 - INFO - Creating task for group 23 (Соковая продукция и безалкогольные напитки)
2025-04-09 20:34:12 - INFO - Created task: 0f23d623-4b25-44ed-b739-540599dbf20d
2025-04-09 20:34:12 - INFO - Saved 10 tasks to output\Лежнева Евгения - тс55\pending_tasks.txt
2025-04-09 20:34:53 - INFO - Creating tasks for certificate: Лежнева Евгения - тс142
2025-04-09 20:34:53 - INFO - Using date range: 2025-04-08 to 2025-04-08 (yesterday's data)
2025-04-09 20:34:53 - INFO - Creating task for group 1 (Предметы одежды, бельё постельное, столовое, туалетное и кухонное)
2025-04-09 20:34:53 - INFO - Created task: 712e69cf-88fd-4bd9-91d3-412fc6b604f2
2025-04-09 20:34:53 - INFO - Creating task for group 2 (Обувные товары)
2025-04-09 20:34:54 - INFO - Created task: da1d8a84-b943-4432-b055-28febf2b1661
2025-04-09 20:34:54 - INFO - Creating task for group 3 (Табачная продукция)
2025-04-09 20:34:55 - INFO - Created task: b1a6058c-fb15-4e6c-8c56-fb04dc787a80
2025-04-09 20:34:55 - INFO - Creating task for group 4 (Духи и туалетная вода)
2025-04-09 20:34:56 - INFO - Created task: 39c273e6-cedf-4946-90f0-55b03790f237
2025-04-09 20:34:56 - INFO - Creating task for group 5 (Шины и покрышки пневматические резиновые новые)
2025-04-09 20:34:56 - INFO - Created task: cdea2d27-6323-4746-97d7-dbe4975baac0
2025-04-09 20:34:56 - INFO - Creating task for group 8 (Молочная продукция)
2025-04-09 20:34:57 - INFO - Created task: f738f202-1309-4f1f-8838-f72fea46ec35
2025-04-09 20:34:57 - INFO - Creating task for group 13 (Упакованная вода)
2025-04-09 20:34:58 - INFO - Created task: 992510ee-b37a-45f9-994d-cf9c7b966659
2025-04-09 20:34:58 - INFO - Creating task for group 15 (Пиво, напитки, изготавливаемые на основе пива, слабоалкогольные напитки)
2025-04-09 20:34:58 - INFO - Created task: 08b37e84-1c74-4e51-9858-601765e6e208
2025-04-09 20:34:58 - INFO - Creating task for group 17 (Биологически активные добавки к пище)
2025-04-09 20:34:59 - INFO - Created task: 616e8382-502d-481d-bc58-64cd04280308
2025-04-09 20:34:59 - INFO - Creating task for group 23 (Соковая продукция и безалкогольные напитки)
2025-04-09 20:35:00 - INFO - Created task: 9fbdd723-eb24-4af9-bd72-decc2580798f
2025-04-09 20:35:00 - INFO - Saved 10 tasks to output\Лежнева Евгения - тс142\pending_tasks.txt
2025-04-10 11:26:16 - INFO - Creating tasks for certificate: Омелина Татьяна - тс28
2025-04-10 11:26:16 - INFO - Using date range: 2025-04-09 to 2025-04-09 (yesterday's data)
2025-04-10 11:26:16 - INFO - Creating task for group 1 (Предметы одежды, бельё постельное, столовое, туалетное и кухонное)
2025-04-10 11:26:20 - INFO - Created task: a6e54381-924f-4b25-8080-d09c94d12581
2025-04-10 11:26:20 - INFO - Creating task for group 2 (Обувные товары)
2025-04-10 11:26:23 - INFO - Created task: 608a5266-95f6-4adf-8e07-f32cbe367431
2025-04-10 11:26:23 - INFO - Creating task for group 3 (Табачная продукция)
2025-04-10 11:26:27 - INFO - Created task: b082b0a8-2008-4f7d-9148-d60076273ab8
2025-04-10 11:26:27 - INFO - Creating task for group 4 (Духи и туалетная вода)
2025-04-10 11:26:31 - INFO - Created task: c70b1ff3-fc54-4209-8279-7869f0699f7b
2025-04-10 11:26:31 - INFO - Creating task for group 5 (Шины и покрышки пневматические резиновые новые)
2025-04-10 11:26:35 - INFO - Created task: 268684be-68d1-4401-9203-f5b1215f3678
2025-04-10 11:26:35 - INFO - Creating task for group 8 (Молочная продукция)
2025-04-10 11:26:39 - INFO - Created task: 8e09c699-1e2b-4a01-a947-8c3e5e698bab
2025-04-10 11:26:39 - INFO - Creating task for group 13 (Упакованная вода)
2025-04-10 11:26:43 - INFO - Created task: 51a72e18-e0b5-48d6-aa0f-0fea806b79ab
2025-04-10 11:26:43 - INFO - Creating task for group 15 (Пиво, напитки, изготавливаемые на основе пива, слабоалкогольные напитки)
2025-04-10 11:26:48 - INFO - Created task: f95c2e1a-137d-4c76-9691-5f99773ea06d
2025-04-10 11:26:48 - INFO - Creating task for group 17 (Биологически активные добавки к пище)
2025-04-10 11:26:52 - INFO - Created task: 292da45b-8609-491e-a72d-7af4a7a4d8e4
2025-04-10 11:26:52 - INFO - Creating task for group 23 (Соковая продукция и безалкогольные напитки)
2025-04-10 11:26:56 - INFO - Created task: 29140b7b-2b7b-4853-8732-a6db1d4df671
2025-04-10 11:26:56 - INFO - Saved 10 tasks to output\Омелина Татьяна - тс28\pending_tasks.txt
2025-04-10 11:30:34 - INFO - Creating tasks for certificate: Хуторская Татьяна - тс324
2025-04-10 11:30:34 - INFO - Using date range: 2025-04-09 to 2025-04-09 (yesterday's data)
2025-04-10 11:30:34 - INFO - Creating task for group 1 (Предметы одежды, бельё постельное, столовое, туалетное и кухонное)
2025-04-10 11:30:38 - INFO - Created task: acf16c4c-6afd-4958-883a-15bbc785d851
2025-04-10 11:30:38 - INFO - Creating task for group 2 (Обувные товары)
2025-04-10 11:30:41 - INFO - Created task: cb334233-0844-42b0-b0af-ae97834832ae
2025-04-10 11:30:41 - INFO - Creating task for group 3 (Табачная продукция)
2025-04-10 11:30:45 - INFO - Created task: 76cd11e9-2989-4dda-a9a6-86aa0697d46f
2025-04-10 11:30:45 - INFO - Creating task for group 4 (Духи и туалетная вода)
2025-04-10 11:30:48 - INFO - Created task: d89bc7b0-8e30-4bc3-95ef-5a546577f316
2025-04-10 11:30:48 - INFO - Creating task for group 5 (Шины и покрышки пневматические резиновые новые)
2025-04-10 11:30:52 - INFO - Created task: 9183be32-1b72-4eae-abe7-c5910b5c1f95
2025-04-10 11:30:52 - INFO - Creating task for group 8 (Молочная продукция)
2025-04-10 11:30:55 - INFO - Created task: 8e703caa-b2fe-4775-b71a-bf790f800426
2025-04-10 11:30:55 - INFO - Creating task for group 13 (Упакованная вода)
2025-04-10 11:30:58 - INFO - Created task: 0fd427db-e88b-4f81-a872-982160b7e99e
2025-04-10 11:30:58 - INFO - Creating task for group 15 (Пиво, напитки, изготавливаемые на основе пива, слабоалкогольные напитки)
2025-04-10 11:31:02 - INFO - Created task: 7eecba41-2263-41e0-ad98-fefafef01ad0
2025-04-10 11:31:02 - INFO - Creating task for group 17 (Биологически активные добавки к пище)
2025-04-10 11:31:05 - INFO - Created task: 57c22379-2580-4ade-bff7-7b025d0ce472
2025-04-10 11:31:05 - INFO - Creating task for group 23 (Соковая продукция и безалкогольные напитки)
2025-04-10 11:31:09 - INFO - Created task: 71114b7c-c309-4089-a30c-db21f53ab730
2025-04-10 11:31:09 - INFO - Saved 10 tasks to output\Хуторская Татьяна - тс324\pending_tasks.txt
2025-04-10 11:34:05 - INFO - Creating tasks for certificate: Хуторская Татьяна - тс124
2025-04-10 11:34:05 - INFO - Using date range: 2025-04-09 to 2025-04-09 (yesterday's data)
2025-04-10 11:34:05 - INFO - Creating task for group 1 (Предметы одежды, бельё постельное, столовое, туалетное и кухонное)
2025-04-10 11:34:08 - INFO - Created task: 0184c8a7-4971-4767-9615-d70c161ab3d9
2025-04-10 11:34:08 - INFO - Creating task for group 2 (Обувные товары)
2025-04-10 11:34:10 - INFO - Created task: 0d59c119-f817-4191-a776-d923670748f1
2025-04-10 11:34:10 - INFO - Creating task for group 3 (Табачная продукция)
2025-04-10 11:34:22 - INFO - Created task: 3c72d3a3-4dfe-430b-9a99-9fc5c5c1c8f0
2025-04-10 11:34:22 - INFO - Creating task for group 4 (Духи и туалетная вода)
2025-04-10 11:34:24 - INFO - Created task: 3f575500-5a82-49b9-bca8-358787864d58
2025-04-10 11:34:24 - INFO - Creating task for group 5 (Шины и покрышки пневматические резиновые новые)
2025-04-10 11:34:27 - INFO - Created task: 4a96e70f-6cca-4a39-b397-d5cc80d57fb8
2025-04-10 11:34:27 - INFO - Creating task for group 8 (Молочная продукция)
2025-04-10 11:34:30 - INFO - Created task: a27d3f2f-0849-490b-9e5c-f7e23be4513c
2025-04-10 11:34:30 - INFO - Creating task for group 13 (Упакованная вода)
2025-04-10 11:34:32 - INFO - Created task: ad745620-761e-4b10-a5b3-75db17012a1c
2025-04-10 11:34:32 - INFO - Creating task for group 15 (Пиво, напитки, изготавливаемые на основе пива, слабоалкогольные напитки)
2025-04-10 11:34:35 - INFO - Created task: 98e9e98f-6d00-44b8-90d3-bc1c845e82a2
2025-04-10 11:34:35 - INFO - Creating task for group 17 (Биологически активные добавки к пище)
2025-04-10 11:34:38 - INFO - Created task: 94453693-e1ec-4a63-a0f2-6c3147cd0336
2025-04-10 11:34:38 - INFO - Creating task for group 23 (Соковая продукция и безалкогольные напитки)
2025-04-10 11:34:40 - INFO - Created task: fe5b8f80-c06c-4396-bfb8-700dca3f01eb
2025-04-10 11:34:40 - INFO - Saved 10 tasks to output\Хуторская Татьяна - тс124\pending_tasks.txt
2025-04-10 12:23:43 - INFO - Creating tasks for certificate: Омелина Татьяна - тс28
2025-04-10 12:23:44 - INFO - Using date range: 2025-04-09 to 2025-04-09 (yesterday's data)
2025-04-10 12:23:44 - INFO - Creating task for group 1 (Предметы одежды, бельё постельное, столовое, туалетное и кухонное)
2025-04-10 12:23:45 - INFO - Created task: 06579e20-2dc6-4732-bf39-66301a3ac3bd
2025-04-10 12:23:45 - INFO - Creating task for group 2 (Обувные товары)
2025-04-10 12:23:47 - INFO - Created task: 745e25d1-40b6-46b2-914c-19d73d79f6d2
2025-04-10 12:23:47 - INFO - Creating task for group 3 (Табачная продукция)
2025-04-10 12:23:50 - INFO - Created task: 6b94ce3f-d2c6-4da1-8cdd-c05737f4a836
2025-04-10 12:23:50 - INFO - Creating task for group 4 (Духи и туалетная вода)
2025-04-10 12:23:52 - INFO - Created task: baf312d7-d9dc-4174-9afd-d1853edb070a
2025-04-10 12:23:52 - INFO - Creating task for group 5 (Шины и покрышки пневматические резиновые новые)
2025-04-10 12:23:54 - INFO - Created task: c7b0cb48-df88-4bd5-921e-795f32093d70
2025-04-10 12:23:54 - INFO - Creating task for group 8 (Молочная продукция)
2025-04-10 12:23:56 - INFO - Created task: 4ac91cb1-cdd1-445f-b32f-f87c178bcf84
2025-04-10 12:23:56 - INFO - Creating task for group 13 (Упакованная вода)
2025-04-10 12:23:58 - INFO - Created task: 517619d9-6085-426c-995b-4c73a6b1814f
2025-04-10 12:23:58 - INFO - Creating task for group 15 (Пиво, напитки, изготавливаемые на основе пива, слабоалкогольные напитки)
2025-04-10 12:24:00 - INFO - Created task: 7df8b2ce-c78b-4089-bcb2-bffd450560d6
2025-04-10 12:24:00 - INFO - Creating task for group 17 (Биологически активные добавки к пище)
2025-04-10 12:24:02 - INFO - Created task: 45140cf2-cf70-48e2-88ca-de7b82036a67
2025-04-10 12:24:02 - INFO - Creating task for group 23 (Соковая продукция и безалкогольные напитки)
2025-04-10 12:24:04 - INFO - Created task: e9aa1276-5a7d-431c-bd05-3ec9cb83131a
2025-04-10 12:24:04 - INFO - Saved 10 tasks to output\Омелина Татьяна - тс28\pending_tasks.txt
2025-04-10 12:25:10 - INFO - Creating tasks for certificate: Хуторская Татьяна - тс324
2025-04-10 12:25:10 - INFO - Using date range: 2025-04-09 to 2025-04-09 (yesterday's data)
2025-04-10 12:25:10 - INFO - Creating task for group 1 (Предметы одежды, бельё постельное, столовое, туалетное и кухонное)
2025-04-10 12:25:13 - INFO - Created task: 8c02e744-89a6-4bbe-b332-04483c817b32
2025-04-10 12:25:13 - INFO - Creating task for group 2 (Обувные товары)
2025-04-10 12:25:15 - INFO - Created task: 701f0179-f984-4416-b4b5-3f51ff2715a6
2025-04-10 12:25:15 - INFO - Creating task for group 3 (Табачная продукция)
2025-04-10 12:25:16 - INFO - Created task: 88647251-167d-46b5-b8a9-f490268bc11f
2025-04-10 12:25:16 - INFO - Creating task for group 4 (Духи и туалетная вода)
2025-04-10 12:25:18 - INFO - Created task: 3eb484b2-dae4-42a3-a348-b0a01f523f73
2025-04-10 12:25:18 - INFO - Creating task for group 5 (Шины и покрышки пневматические резиновые новые)
2025-04-10 12:25:20 - INFO - Created task: 7320131c-b392-4105-835a-46d2fc8a4fe4
2025-04-10 12:25:20 - INFO - Creating task for group 8 (Молочная продукция)
2025-04-10 12:25:22 - INFO - Created task: 48a602f4-5f84-4385-846c-da813b6bb78e
2025-04-10 12:25:22 - INFO - Creating task for group 13 (Упакованная вода)
2025-04-10 12:25:24 - INFO - Created task: f807353c-114f-4f23-aa22-0a6fff7d616c
2025-04-10 12:25:24 - INFO - Creating task for group 15 (Пиво, напитки, изготавливаемые на основе пива, слабоалкогольные напитки)
2025-04-10 12:25:26 - INFO - Created task: 0dc2cbab-a154-4d43-a7c0-4f16b1d1eda2
2025-04-10 12:25:26 - INFO - Creating task for group 17 (Биологически активные добавки к пище)
2025-04-10 12:25:27 - INFO - Created task: ee8e1b5f-1fea-4b63-b5bc-eb185d9d1194
2025-04-10 12:25:27 - INFO - Creating task for group 23 (Соковая продукция и безалкогольные напитки)
2025-04-10 12:25:29 - INFO - Created task: af3e5973-6b50-4110-bfd9-5785b370918d
2025-04-10 12:25:29 - INFO - Saved 10 tasks to output\Хуторская Татьяна - тс324\pending_tasks.txt
2025-04-10 12:26:21 - INFO - Creating tasks for certificate: Хуторская Татьяна - тс124
2025-04-10 12:26:21 - INFO - Using date range: 2025-04-09 to 2025-04-09 (yesterday's data)
2025-04-10 12:26:21 - INFO - Creating task for group 1 (Предметы одежды, бельё постельное, столовое, туалетное и кухонное)
2025-04-10 12:26:23 - INFO - Created task: abc344a6-a9b2-4c83-999b-e0483a996457
2025-04-10 12:26:23 - INFO - Creating task for group 2 (Обувные товары)
2025-04-10 12:26:25 - INFO - Created task: cebb5516-0eeb-4f42-ac57-812054fa02dc
2025-04-10 12:26:25 - INFO - Creating task for group 3 (Табачная продукция)
2025-04-10 12:26:26 - INFO - Created task: fb7262be-5f1b-445c-9725-6b886e6c2d5a
2025-04-10 12:26:26 - INFO - Creating task for group 4 (Духи и туалетная вода)
2025-04-10 12:26:28 - INFO - Created task: cf2cbd45-eeb3-491d-b179-ae18d42ff332
2025-04-10 12:26:28 - INFO - Creating task for group 5 (Шины и покрышки пневматические резиновые новые)
2025-04-10 12:26:30 - INFO - Created task: 23b90bb7-3634-4ec3-80f4-f28cccb5f87e
2025-04-10 12:26:30 - INFO - Creating task for group 8 (Молочная продукция)
2025-04-10 12:26:31 - INFO - Created task: 65d59813-237a-431f-943b-31fe46ae638e
2025-04-10 12:26:31 - INFO - Creating task for group 13 (Упакованная вода)
2025-04-10 12:26:33 - INFO - Created task: bfc36f0c-93b4-4ffe-8096-2194bb09e010
2025-04-10 12:26:33 - INFO - Creating task for group 15 (Пиво, напитки, изготавливаемые на основе пива, слабоалкогольные напитки)
2025-04-10 12:26:35 - INFO - Created task: cd3056e0-5743-4d13-ba31-f93e2541af65
2025-04-10 12:26:35 - INFO - Creating task for group 17 (Биологически активные добавки к пище)
2025-04-10 12:26:37 - INFO - Created task: 27a15368-1d29-4521-b8a8-1f439c37f41a
2025-04-10 12:26:37 - INFO - Creating task for group 23 (Соковая продукция и безалкогольные напитки)
2025-04-10 12:26:38 - INFO - Created task: de9f08fb-ef5f-45e5-aabe-ff364dd578c5
2025-04-10 12:26:38 - INFO - Saved 10 tasks to output\Хуторская Татьяна - тс124\pending_tasks.txt
2025-04-10 12:27:37 - INFO - Creating tasks for certificate: Хуторская Татьяна - тс3
2025-04-10 12:27:37 - INFO - Using date range: 2025-04-09 to 2025-04-09 (yesterday's data)
2025-04-10 12:27:37 - INFO - Creating task for group 1 (Предметы одежды, бельё постельное, столовое, туалетное и кухонное)
2025-04-10 12:27:38 - INFO - Created task: d57a9f14-612a-4a16-b658-40005d919c14
2025-04-10 12:27:38 - INFO - Creating task for group 2 (Обувные товары)
2025-04-10 12:27:40 - INFO - Created task: 5493af59-2c56-4ec8-9334-2d40a96d45d8
2025-04-10 12:27:40 - INFO - Creating task for group 3 (Табачная продукция)
2025-04-10 12:27:42 - INFO - Created task: 759e7c42-6dde-4083-9f9c-346d67a58a0e
2025-04-10 12:27:42 - INFO - Creating task for group 4 (Духи и туалетная вода)
2025-04-10 12:27:44 - INFO - Created task: 7775c6d2-18fa-4d9d-afdd-ed101f16045c
2025-04-10 12:27:44 - INFO - Creating task for group 5 (Шины и покрышки пневматические резиновые новые)
2025-04-10 12:27:47 - INFO - Created task: 717d71aa-b634-446b-a501-698d831fcd5f
2025-04-10 12:27:47 - INFO - Creating task for group 8 (Молочная продукция)
2025-04-10 12:27:49 - INFO - Created task: cd93ebf7-02b4-4e1f-8048-024604f18af7
2025-04-10 12:27:49 - INFO - Creating task for group 13 (Упакованная вода)
2025-04-10 12:27:51 - INFO - Created task: 1e521197-f96b-4f89-b77f-3aea7bbd2f5e
2025-04-10 12:27:51 - INFO - Creating task for group 15 (Пиво, напитки, изготавливаемые на основе пива, слабоалкогольные напитки)
2025-04-10 12:27:52 - INFO - Created task: 9f65040b-d8ce-4e6c-8193-51b9a2c32b4b
2025-04-10 12:27:52 - INFO - Creating task for group 17 (Биологически активные добавки к пище)
2025-04-10 12:27:54 - INFO - Created task: 45873714-73ed-47e2-87f6-36aea79e5f17
2025-04-10 12:27:54 - INFO - Creating task for group 23 (Соковая продукция и безалкогольные напитки)
2025-04-10 12:27:56 - INFO - Created task: 6fd80bf0-ec44-43d6-9f3f-38f79131b4f1
2025-04-10 12:27:56 - INFO - Saved 10 tasks to output\Хуторская Татьяна - тс3\pending_tasks.txt
2025-04-10 12:28:57 - INFO - Creating tasks for certificate: Хуторская Татьяна - тс5
2025-04-10 12:28:57 - INFO - Using date range: 2025-04-09 to 2025-04-09 (yesterday's data)
2025-04-10 12:28:57 - INFO - Creating task for group 1 (Предметы одежды, бельё постельное, столовое, туалетное и кухонное)
2025-04-10 12:29:00 - INFO - Created task: ca9c389e-dfbb-44aa-a0bf-566985b2d472
2025-04-10 12:29:00 - INFO - Creating task for group 2 (Обувные товары)
2025-04-10 12:29:02 - INFO - Created task: a815d9cc-0802-4aba-b79c-f9d22cba808e
2025-04-10 12:29:02 - INFO - Creating task for group 3 (Табачная продукция)
2025-04-10 12:29:05 - INFO - Created task: 9bc1e73b-48b1-4b4a-857a-5bad50146953
2025-04-10 12:29:05 - INFO - Creating task for group 4 (Духи и туалетная вода)
2025-04-10 12:29:07 - INFO - Created task: 8b961df7-5f26-4692-aa75-2790a33e15f6
2025-04-10 12:29:07 - INFO - Creating task for group 5 (Шины и покрышки пневматические резиновые новые)
2025-04-10 12:29:09 - INFO - Created task: 49dffb76-a181-4278-912c-d1a5d81b5aa7
2025-04-10 12:29:09 - INFO - Creating task for group 8 (Молочная продукция)
2025-04-10 12:29:12 - INFO - Created task: 3df0c88c-23aa-4dc4-9b61-0cc368c036a0
2025-04-10 12:29:12 - INFO - Creating task for group 13 (Упакованная вода)
2025-04-10 12:29:14 - INFO - Created task: c412daaf-2c22-4998-bcbe-b07974cf769a
2025-04-10 12:29:14 - INFO - Creating task for group 15 (Пиво, напитки, изготавливаемые на основе пива, слабоалкогольные напитки)
2025-04-10 12:29:16 - INFO - Created task: de295b93-01b3-4ed3-9eed-35c0ec0d43d3
2025-04-10 12:29:16 - INFO - Creating task for group 17 (Биологически активные добавки к пище)
2025-04-10 12:29:18 - INFO - Created task: 3011aae6-56a5-404d-a319-8fadd7c2bb62
2025-04-10 12:29:18 - INFO - Creating task for group 23 (Соковая продукция и безалкогольные напитки)
2025-04-10 12:29:20 - INFO - Created task: 0de6dbef-a4e5-4875-9890-168bff52c820
2025-04-10 12:29:20 - INFO - Saved 10 tasks to output\Хуторская Татьяна - тс5\pending_tasks.txt
2025-04-10 12:30:29 - INFO - Creating tasks for certificate: Лежнева Евгения - тс54
2025-04-10 12:30:29 - INFO - Using date range: 2025-04-09 to 2025-04-09 (yesterday's data)
2025-04-10 12:30:29 - INFO - Creating task for group 1 (Предметы одежды, бельё постельное, столовое, туалетное и кухонное)
2025-04-10 12:30:30 - INFO - Created task: 3cc26b08-c599-4d5a-ba75-924b03cea93a
2025-04-10 12:30:30 - INFO - Creating task for group 2 (Обувные товары)
2025-04-10 12:30:32 - INFO - Created task: 5853a102-5af5-4e41-bcce-c0b63eb57f7b
2025-04-10 12:30:32 - INFO - Creating task for group 3 (Табачная продукция)
2025-04-10 12:30:33 - INFO - Created task: 197f3e6b-26a6-4e2c-9308-8a47ead3af68
2025-04-10 12:30:33 - INFO - Creating task for group 4 (Духи и туалетная вода)
2025-04-10 12:30:35 - INFO - Created task: a8160223-2725-4c79-82c3-856c6001d98a
2025-04-10 12:30:35 - INFO - Creating task for group 5 (Шины и покрышки пневматические резиновые новые)
2025-04-10 12:30:36 - INFO - Created task: 56e99c4c-c59d-42a1-bbb2-a4bb6a0f891e
2025-04-10 12:30:36 - INFO - Creating task for group 8 (Молочная продукция)
2025-04-10 12:30:38 - INFO - Created task: b290af70-89df-4150-8aa2-857df188f390
2025-04-10 12:30:38 - INFO - Creating task for group 13 (Упакованная вода)
2025-04-10 12:30:39 - INFO - Created task: 95183f71-7e6f-4962-b8e0-04241803ad05
2025-04-10 12:30:39 - INFO - Creating task for group 15 (Пиво, напитки, изготавливаемые на основе пива, слабоалкогольные напитки)
2025-04-10 12:30:41 - INFO - Created task: cad1ac1e-b412-4e80-8e28-97288dc411ff
2025-04-10 12:30:41 - INFO - Creating task for group 17 (Биологически активные добавки к пище)
2025-04-10 12:30:43 - INFO - Created task: d9cb4084-9c23-493c-b6cc-343704549610
2025-04-10 12:30:43 - INFO - Creating task for group 23 (Соковая продукция и безалкогольные напитки)
2025-04-10 12:30:44 - INFO - Created task: 6c44c327-f901-4fbf-a6b6-cbe13629a0ee
2025-04-10 12:30:44 - INFO - Saved 10 tasks to output\Лежнева Евгения - тс54\pending_tasks.txt
2025-04-10 12:31:58 - INFO - Creating tasks for certificate: Лежнева Евгения - тс55
2025-04-10 12:31:58 - INFO - Using date range: 2025-04-09 to 2025-04-09 (yesterday's data)
2025-04-10 12:31:58 - INFO - Creating task for group 1 (Предметы одежды, бельё постельное, столовое, туалетное и кухонное)
2025-04-10 12:32:00 - INFO - Created task: da54c37e-2d79-4609-9fd1-d3f236f787ac
2025-04-10 12:32:00 - INFO - Creating task for group 2 (Обувные товары)
2025-04-10 12:32:02 - INFO - Created task: fb86292a-e7e7-42d3-9a4d-5fec2a7acc33
2025-04-10 12:32:02 - INFO - Creating task for group 3 (Табачная продукция)
2025-04-10 12:32:04 - INFO - Created task: ac549fdc-2182-49b1-ae08-8605f2f1b29f
2025-04-10 12:32:04 - INFO - Creating task for group 4 (Духи и туалетная вода)
2025-04-10 12:32:06 - INFO - Created task: 2252302c-111e-470f-938b-02ff4d7997fa
2025-04-10 12:32:06 - INFO - Creating task for group 5 (Шины и покрышки пневматические резиновые новые)
2025-04-10 12:32:08 - INFO - Created task: 3e90779c-5ec3-4647-958d-4d5c82d4cfc7
2025-04-10 12:32:08 - INFO - Creating task for group 8 (Молочная продукция)
2025-04-10 12:32:10 - INFO - Created task: e8b1ff25-4527-4c08-99d0-55ebc4eb44c5
2025-04-10 12:32:10 - INFO - Creating task for group 13 (Упакованная вода)
2025-04-10 12:32:13 - INFO - Created task: 89d41a69-f1e3-4658-a34f-aaf086a3c71b
2025-04-10 12:32:13 - INFO - Creating task for group 15 (Пиво, напитки, изготавливаемые на основе пива, слабоалкогольные напитки)
2025-04-10 12:32:15 - INFO - Created task: 1c4c09ce-93cf-4bc2-ba58-aeb652ff077a
2025-04-10 12:32:15 - INFO - Creating task for group 17 (Биологически активные добавки к пище)
2025-04-10 12:32:17 - INFO - Created task: 4c648f71-3847-4503-ad67-ff57c9f72432
2025-04-10 12:32:17 - INFO - Creating task for group 23 (Соковая продукция и безалкогольные напитки)
2025-04-10 12:32:19 - INFO - Created task: 7b96b980-751e-413c-b016-3a967ba03f38
2025-04-10 12:32:19 - INFO - Saved 10 tasks to output\Лежнева Евгения - тс55\pending_tasks.txt
2025-04-10 12:33:21 - INFO - Creating tasks for certificate: Лежнева Евгения - тс142
2025-04-10 12:33:21 - INFO - Using date range: 2025-04-09 to 2025-04-09 (yesterday's data)
2025-04-10 12:33:21 - INFO - Creating task for group 1 (Предметы одежды, бельё постельное, столовое, туалетное и кухонное)
2025-04-10 12:33:23 - INFO - Created task: f462d285-9474-4041-8b8a-211b8c4e111c
2025-04-10 12:33:23 - INFO - Creating task for group 2 (Обувные товары)
2025-04-10 12:33:25 - INFO - Created task: d5e236da-d378-4b42-bcb3-4efc9496998f
2025-04-10 12:33:25 - INFO - Creating task for group 3 (Табачная продукция)
2025-04-10 12:33:28 - INFO - Created task: a5dc686a-a0cb-4123-ac8e-7f4195fc473d
2025-04-10 12:33:28 - INFO - Creating task for group 4 (Духи и туалетная вода)
2025-04-10 12:33:30 - INFO - Created task: 76d6b205-1b0b-428c-ad9b-f4650de2320b
2025-04-10 12:33:30 - INFO - Creating task for group 5 (Шины и покрышки пневматические резиновые новые)
2025-04-10 12:33:33 - INFO - Created task: 8a021d9a-14c4-4233-b97e-3d71ab00fb61
2025-04-10 12:33:33 - INFO - Creating task for group 8 (Молочная продукция)
2025-04-10 12:33:35 - INFO - Created task: 54c4ed74-7d5e-4905-9402-efa5951e00f4
2025-04-10 12:33:35 - INFO - Creating task for group 13 (Упакованная вода)
2025-04-10 12:33:37 - INFO - Created task: 6d1dc30f-a0f8-4a39-8d01-8f0c828f9e6e
2025-04-10 12:33:37 - INFO - Creating task for group 15 (Пиво, напитки, изготавливаемые на основе пива, слабоалкогольные напитки)
2025-04-10 12:33:39 - INFO - Created task: ddf0f328-5e64-4268-afa0-a386bc08407d
2025-04-10 12:33:39 - INFO - Creating task for group 17 (Биологически активные добавки к пище)
2025-04-10 12:33:41 - INFO - Created task: 22eba395-0088-4fc0-b5cb-19fbe5120443
2025-04-10 12:33:41 - INFO - Creating task for group 23 (Соковая продукция и безалкогольные напитки)
2025-04-10 12:33:44 - INFO - Created task: 18d93892-4a2e-481a-9a15-1297e5efaf05
2025-04-10 12:33:44 - INFO - Saved 10 tasks to output\Лежнева Евгения - тс142\pending_tasks.txt
2025-04-12 12:09:15 - INFO - Creating tasks for certificate: Омелина Татьяна - тс28
2025-04-12 12:09:15 - INFO - Using date range: 2025-04-11 to 2025-04-11 (yesterday's data)
2025-04-12 12:09:15 - INFO - Creating task for group 1 (Предметы одежды, бельё постельное, столовое, туалетное и кухонное)
2025-04-12 12:09:16 - INFO - Created task: 8869bf34-6712-4d14-a6b2-8f25bbfe8a2e
2025-04-12 12:09:16 - INFO - Creating task for group 2 (Обувные товары)
2025-04-12 12:09:16 - INFO - Created task: ebb37607-0d58-43d2-b0ce-80a1ab3a7a05
2025-04-12 12:09:16 - INFO - Creating task for group 3 (Табачная продукция)
2025-04-12 12:09:17 - INFO - Created task: b44cb021-5a63-4ff1-a01e-6285e8b108a4
2025-04-12 12:09:17 - INFO - Creating task for group 4 (Духи и туалетная вода)
2025-04-12 12:09:18 - INFO - Created task: b09d0f2e-cf53-4e04-a53e-44c14808ded2
2025-04-12 12:09:18 - INFO - Creating task for group 5 (Шины и покрышки пневматические резиновые новые)
2025-04-12 12:09:18 - INFO - Created task: d0be258b-1d99-45a0-b481-bd158633aa0a
2025-04-12 12:09:18 - INFO - Creating task for group 8 (Молочная продукция)
2025-04-12 12:09:19 - INFO - Created task: fc34914c-dd78-4a2c-9f61-fcdd09a9d393
2025-04-12 12:09:19 - INFO - Creating task for group 13 (Упакованная вода)
2025-04-12 12:09:19 - INFO - Created task: f714764d-fb87-40a6-96b5-c52a70b2e101
2025-04-12 12:09:19 - INFO - Creating task for group 15 (Пиво, напитки, изготавливаемые на основе пива, слабоалкогольные напитки)
2025-04-12 12:09:20 - INFO - Created task: eb9684eb-8339-4806-a826-f97a9dfcd930
2025-04-12 12:09:20 - INFO - Creating task for group 17 (Биологически активные добавки к пище)
2025-04-12 12:09:21 - INFO - Created task: b5f0a44e-bd25-46ad-adff-f0a4ab2f93db
2025-04-12 12:09:21 - INFO - Creating task for group 23 (Соковая продукция и безалкогольные напитки)
2025-04-12 12:09:21 - INFO - Created task: 01b10966-e9ab-476e-8add-f63e80af007f
2025-04-12 12:09:21 - INFO - Saved 10 tasks to output\Омелина Татьяна - тс28\pending_tasks.txt
2025-04-12 12:10:03 - INFO - Creating tasks for certificate: Хуторская Татьяна - тс324
2025-04-12 12:10:03 - INFO - Using date range: 2025-04-11 to 2025-04-11 (yesterday's data)
2025-04-12 12:10:03 - INFO - Creating task for group 1 (Предметы одежды, бельё постельное, столовое, туалетное и кухонное)
2025-04-12 12:10:04 - INFO - Created task: 89ca9c53-6680-4723-82de-872030957116
2025-04-12 12:10:04 - INFO - Creating task for group 2 (Обувные товары)
2025-04-12 12:10:05 - INFO - Created task: 3564bdd1-34dd-4e35-807d-9ed0cbb24879
2025-04-12 12:10:05 - INFO - Creating task for group 3 (Табачная продукция)
2025-04-12 12:10:05 - INFO - Created task: e4b738a7-5c6b-487f-bc8d-6973d7a376d2
2025-04-12 12:10:05 - INFO - Creating task for group 4 (Духи и туалетная вода)
2025-04-12 12:10:06 - INFO - Created task: be4ce6ba-b93a-4013-86ec-973e8871f4e3
2025-04-12 12:10:06 - INFO - Creating task for group 5 (Шины и покрышки пневматические резиновые новые)
2025-04-12 12:10:07 - INFO - Created task: 8778a4e0-4db3-4a5a-8e29-7044f5a1edbb
2025-04-12 12:10:07 - INFO - Creating task for group 8 (Молочная продукция)
2025-04-12 12:10:07 - INFO - Created task: d5fcd655-3bdb-4fb9-9154-e8ae2f89e1df
2025-04-12 12:10:07 - INFO - Creating task for group 13 (Упакованная вода)
2025-04-12 12:10:08 - INFO - Created task: 33bd493a-cf36-4185-928d-1f44b1302d33
2025-04-12 12:10:08 - INFO - Creating task for group 15 (Пиво, напитки, изготавливаемые на основе пива, слабоалкогольные напитки)
2025-04-12 12:10:09 - INFO - Created task: 554adfad-327b-49b4-97e9-4a98ea4a20c9
2025-04-12 12:10:09 - INFO - Creating task for group 17 (Биологически активные добавки к пище)
2025-04-12 12:10:09 - INFO - Created task: 34943c7d-e754-44e0-9007-f0f3b99cc706
2025-04-12 12:10:09 - INFO - Creating task for group 23 (Соковая продукция и безалкогольные напитки)
2025-04-12 12:10:10 - INFO - Created task: 756b7d3d-3dd9-4ddb-ba6e-b46be3ff0ebc
2025-04-12 12:10:10 - INFO - Saved 10 tasks to output\Хуторская Татьяна - тс324\pending_tasks.txt
2025-04-12 12:10:51 - INFO - Creating tasks for certificate: Хуторская Татьяна - тс124
2025-04-12 12:10:51 - INFO - Using date range: 2025-04-11 to 2025-04-11 (yesterday's data)
2025-04-12 12:10:51 - INFO - Creating task for group 1 (Предметы одежды, бельё постельное, столовое, туалетное и кухонное)
2025-04-12 12:10:52 - INFO - Created task: 6943205b-2117-4432-8555-171770e3ba4a
2025-04-12 12:10:52 - INFO - Creating task for group 2 (Обувные товары)
2025-04-12 12:10:52 - INFO - Created task: dab3a828-afeb-4f02-a800-c3a5c026745d
2025-04-12 12:10:52 - INFO - Creating task for group 3 (Табачная продукция)
2025-04-12 12:10:53 - INFO - Created task: 56c13701-cd63-4d67-8beb-619a20fd4083
2025-04-12 12:10:53 - INFO - Creating task for group 4 (Духи и туалетная вода)
2025-04-12 12:10:54 - INFO - Created task: 4dbc4b76-3eeb-45f9-b615-40b352f0b425
2025-04-12 12:10:54 - INFO - Creating task for group 5 (Шины и покрышки пневматические резиновые новые)
2025-04-12 12:10:54 - INFO - Created task: 648510bd-44af-4235-b057-8c7eadabf1e1
2025-04-12 12:10:54 - INFO - Creating task for group 8 (Молочная продукция)
2025-04-12 12:10:55 - INFO - Created task: 893dd203-8793-4b3a-a45e-f3a3d11681ea
2025-04-12 12:10:55 - INFO - Creating task for group 13 (Упакованная вода)
2025-04-12 12:10:56 - INFO - Created task: 74952cb8-ea51-4e13-a51e-c2bdeb7a4a75
2025-04-12 12:10:56 - INFO - Creating task for group 15 (Пиво, напитки, изготавливаемые на основе пива, слабоалкогольные напитки)
2025-04-12 12:10:56 - INFO - Created task: 498d4fcf-0289-4554-ac75-eb3631ef4fb7
2025-04-12 12:10:56 - INFO - Creating task for group 17 (Биологически активные добавки к пище)
2025-04-12 12:10:57 - INFO - Created task: d746510c-3cae-4c30-bbd5-d5b933d6fe4c
2025-04-12 12:10:57 - INFO - Creating task for group 23 (Соковая продукция и безалкогольные напитки)
2025-04-12 12:10:58 - INFO - Created task: eeceb327-c47d-4fc1-8575-f83642b207fd
2025-04-12 12:10:58 - INFO - Saved 10 tasks to output\Хуторская Татьяна - тс124\pending_tasks.txt
2025-04-12 12:11:18 - INFO - Creating tasks for certificate: Хуторская Татьяна - тс3
2025-04-12 12:11:18 - INFO - Using date range: 2025-04-11 to 2025-04-11 (yesterday's data)
2025-04-12 12:11:18 - INFO - Creating task for group 1 (Предметы одежды, бельё постельное, столовое, туалетное и кухонное)
2025-04-12 12:11:19 - INFO - Created task: 74ee45e1-1e3c-4ede-858b-c282e7c93ca1
2025-04-12 12:11:19 - INFO - Creating task for group 2 (Обувные товары)
2025-04-12 12:11:19 - INFO - Created task: 6f16dcce-f1aa-4df1-b9a2-818064628f5d
2025-04-12 12:11:19 - INFO - Creating task for group 3 (Табачная продукция)
2025-04-12 12:11:20 - INFO - Created task: 084d09b3-f53e-460e-8673-b3616aaa87c4
2025-04-12 12:11:20 - INFO - Creating task for group 4 (Духи и туалетная вода)
2025-04-12 12:11:21 - INFO - Created task: bea0ce25-fd66-4ea2-8025-19f97f8cd141
2025-04-12 12:11:21 - INFO - Creating task for group 5 (Шины и покрышки пневматические резиновые новые)
2025-04-12 12:11:21 - INFO - Created task: 75bd1fef-a15f-417b-9b42-8e879ef2a351
2025-04-12 12:11:21 - INFO - Creating task for group 8 (Молочная продукция)
2025-04-12 12:11:22 - INFO - Created task: bd6ddc65-2343-43af-9a63-49cad407ed7c
2025-04-12 12:11:22 - INFO - Creating task for group 13 (Упакованная вода)
2025-04-12 12:11:23 - INFO - Created task: 38bf9586-1d5c-4a51-81ee-b7249e74b5e9
2025-04-12 12:11:23 - INFO - Creating task for group 15 (Пиво, напитки, изготавливаемые на основе пива, слабоалкогольные напитки)
2025-04-12 12:11:24 - INFO - Created task: b81d598e-e66c-4595-8d09-a768542677a9
2025-04-12 12:11:24 - INFO - Creating task for group 17 (Биологически активные добавки к пище)
2025-04-12 12:11:24 - INFO - Created task: 5c7d677c-507a-437b-a85c-3e0361c36c1f
2025-04-12 12:11:24 - INFO - Creating task for group 23 (Соковая продукция и безалкогольные напитки)
2025-04-12 12:11:25 - INFO - Created task: f81564d8-ebe5-47db-8d72-dd862318f083
2025-04-12 12:11:25 - INFO - Saved 10 tasks to output\Хуторская Татьяна - тс3\pending_tasks.txt
2025-04-12 12:12:06 - INFO - Creating tasks for certificate: Хуторская Татьяна - тс5
2025-04-12 12:12:06 - INFO - Using date range: 2025-04-11 to 2025-04-11 (yesterday's data)
2025-04-12 12:12:06 - INFO - Creating task for group 1 (Предметы одежды, бельё постельное, столовое, туалетное и кухонное)
2025-04-12 12:12:06 - INFO - Created task: 5225de26-33ce-4924-bc44-c797cb4752a3
2025-04-12 12:12:06 - INFO - Creating task for group 2 (Обувные товары)
2025-04-12 12:12:07 - INFO - Created task: 70046212-ce9c-4f47-8823-eb5553fc2a96
2025-04-12 12:12:07 - INFO - Creating task for group 3 (Табачная продукция)
2025-04-12 12:12:08 - INFO - Created task: c8124d2a-dda5-45d9-830e-c37df60c6b56
2025-04-12 12:12:08 - INFO - Creating task for group 4 (Духи и туалетная вода)
2025-04-12 12:12:08 - INFO - Created task: 6ae5f60c-7f74-4c50-9ad1-15d0f15cdf13
2025-04-12 12:12:08 - INFO - Creating task for group 5 (Шины и покрышки пневматические резиновые новые)
2025-04-12 12:12:09 - INFO - Created task: 0d9dd422-3b73-4ee8-8211-d45a6c150cd8
2025-04-12 12:12:09 - INFO - Creating task for group 8 (Молочная продукция)
2025-04-12 12:12:10 - INFO - Created task: 4e13fc81-6f4a-4263-9975-0160b4f5926f
2025-04-12 12:12:10 - INFO - Creating task for group 13 (Упакованная вода)
2025-04-12 12:12:11 - INFO - Created task: 874b6143-876f-4d61-9913-3d13f1aa4914
2025-04-12 12:12:11 - INFO - Creating task for group 15 (Пиво, напитки, изготавливаемые на основе пива, слабоалкогольные напитки)
2025-04-12 12:12:11 - INFO - Created task: c19ed632-192c-4692-b289-c1b8f165fbc9
2025-04-12 12:12:11 - INFO - Creating task for group 17 (Биологически активные добавки к пище)
2025-04-12 12:12:12 - INFO - Created task: afadd517-b444-4826-a4ac-7577cd483167
2025-04-12 12:12:12 - INFO - Creating task for group 23 (Соковая продукция и безалкогольные напитки)
2025-04-12 12:12:12 - INFO - Created task: b3ba2d9d-50bf-481a-ba0f-6ffa5d01d728
2025-04-12 12:12:12 - INFO - Saved 10 tasks to output\Хуторская Татьяна - тс5\pending_tasks.txt
2025-04-12 12:12:33 - INFO - Creating tasks for certificate: Лежнева Евгения - тс54
2025-04-12 12:12:33 - INFO - Using date range: 2025-04-11 to 2025-04-11 (yesterday's data)
2025-04-12 12:12:33 - INFO - Creating task for group 1 (Предметы одежды, бельё постельное, столовое, туалетное и кухонное)
2025-04-12 12:12:34 - INFO - Created task: 763072f7-e122-42f7-b8a4-fad8db569d80
2025-04-12 12:12:34 - INFO - Creating task for group 2 (Обувные товары)
2025-04-12 12:12:34 - INFO - Created task: d626cf36-18ba-4015-8041-cc0a057a7e32
2025-04-12 12:12:34 - INFO - Creating task for group 3 (Табачная продукция)
2025-04-12 12:12:35 - INFO - Created task: c88e14a5-4f59-40f5-a639-d9402536388e
2025-04-12 12:12:35 - INFO - Creating task for group 4 (Духи и туалетная вода)
2025-04-12 12:12:36 - INFO - Created task: 7fde1fb1-b975-4145-a838-d7059298a113
2025-04-12 12:12:36 - INFO - Creating task for group 5 (Шины и покрышки пневматические резиновые новые)
2025-04-12 12:12:36 - INFO - Created task: 92b6e1b6-da52-4204-9efc-2016ae509606
2025-04-12 12:12:36 - INFO - Creating task for group 8 (Молочная продукция)
2025-04-12 12:12:37 - INFO - Created task: f497b180-8f90-49e7-a359-65cb51ec2f8e
2025-04-12 12:12:37 - INFO - Creating task for group 13 (Упакованная вода)
2025-04-12 12:12:38 - INFO - Created task: 1db95836-7041-43df-a7b7-f48cf6bb5254
2025-04-12 12:12:38 - INFO - Creating task for group 15 (Пиво, напитки, изготавливаемые на основе пива, слабоалкогольные напитки)
2025-04-12 12:12:38 - INFO - Created task: e9a5e8f5-8c60-4f64-9b77-680d8ca2d9eb
2025-04-12 12:12:38 - INFO - Creating task for group 17 (Биологически активные добавки к пище)
2025-04-12 12:12:39 - INFO - Created task: 6fdacaa3-d9bc-4069-8f22-f2d554ed831a
2025-04-12 12:12:39 - INFO - Creating task for group 23 (Соковая продукция и безалкогольные напитки)
2025-04-12 12:12:40 - INFO - Created task: f3c0d67b-e6b1-4c81-a71a-b7d286abb4d0
2025-04-12 12:12:40 - INFO - Saved 10 tasks to output\Лежнева Евгения - тс54\pending_tasks.txt
2025-04-12 12:13:20 - INFO - Creating tasks for certificate: Лежнева Евгения - тс55
2025-04-12 12:13:20 - INFO - Using date range: 2025-04-11 to 2025-04-11 (yesterday's data)
2025-04-12 12:13:20 - INFO - Creating task for group 1 (Предметы одежды, бельё постельное, столовое, туалетное и кухонное)
2025-04-12 12:13:21 - INFO - Created task: 51bc10e4-6ffe-4aa9-9894-4989b3a0106a
2025-04-12 12:13:21 - INFO - Creating task for group 2 (Обувные товары)
2025-04-12 12:13:22 - INFO - Created task: e5986448-f23c-4bb2-90f7-c0a785ed1497
2025-04-12 12:13:22 - INFO - Creating task for group 3 (Табачная продукция)
2025-04-12 12:13:22 - INFO - Created task: 50f95928-1042-415d-9318-a7ad58b1b44b
2025-04-12 12:13:22 - INFO - Creating task for group 4 (Духи и туалетная вода)
2025-04-12 12:13:23 - INFO - Created task: 8caf225c-5674-4a29-946c-6c01a2a15a1f
2025-04-12 12:13:23 - INFO - Creating task for group 5 (Шины и покрышки пневматические резиновые новые)
2025-04-12 12:13:24 - INFO - Created task: d73e43a9-3773-49e5-9b7a-79fb936dd388
2025-04-12 12:13:24 - INFO - Creating task for group 8 (Молочная продукция)
2025-04-12 12:13:24 - INFO - Created task: 2f087863-2630-4383-accb-1264f0058f95
2025-04-12 12:13:24 - INFO - Creating task for group 13 (Упакованная вода)
2025-04-12 12:13:25 - INFO - Created task: 5463734e-1de9-4042-8fa4-4b956557abd2
2025-04-12 12:13:25 - INFO - Creating task for group 15 (Пиво, напитки, изготавливаемые на основе пива, слабоалкогольные напитки)
2025-04-12 12:13:26 - INFO - Created task: 0571ea4c-edae-4c5c-89a0-21b1e9c36993
2025-04-12 12:13:26 - INFO - Creating task for group 17 (Биологически активные добавки к пище)
2025-04-12 12:13:26 - INFO - Created task: a2860452-3a00-43b9-9180-1ff78848f48f
2025-04-12 12:13:26 - INFO - Creating task for group 23 (Соковая продукция и безалкогольные напитки)
2025-04-12 12:13:27 - INFO - Created task: fae435f3-cbdc-4f74-b62c-ecf7e9c6a66f
2025-04-12 12:13:27 - INFO - Saved 10 tasks to output\Лежнева Евгения - тс55\pending_tasks.txt
2025-04-12 12:14:08 - INFO - Creating tasks for certificate: Лежнева Евгения - тс142
2025-04-12 12:14:08 - INFO - Using date range: 2025-04-11 to 2025-04-11 (yesterday's data)
2025-04-12 12:14:08 - INFO - Creating task for group 1 (Предметы одежды, бельё постельное, столовое, туалетное и кухонное)
2025-04-12 12:14:08 - INFO - Created task: 1048810b-1f24-4929-b7f0-fe45ed71fcd4
2025-04-12 12:14:08 - INFO - Creating task for group 2 (Обувные товары)
2025-04-12 12:14:09 - INFO - Created task: e50569d8-7b27-49b6-a3d2-966121a5afa2
2025-04-12 12:14:09 - INFO - Creating task for group 3 (Табачная продукция)
2025-04-12 12:14:10 - INFO - Created task: 376a4a8e-5cbc-44a1-99c3-e11a1c3cfd21
2025-04-12 12:14:10 - INFO - Creating task for group 4 (Духи и туалетная вода)
2025-04-12 12:14:10 - INFO - Created task: cd37981f-678b-45fe-9890-9153425eb160
2025-04-12 12:14:10 - INFO - Creating task for group 5 (Шины и покрышки пневматические резиновые новые)
2025-04-12 12:14:11 - INFO - Created task: f8803509-cff0-4c07-bad2-668b27d7f9f9
2025-04-12 12:14:11 - INFO - Creating task for group 8 (Молочная продукция)
2025-04-12 12:14:12 - INFO - Created task: 86ce8963-4b32-4e68-8d0d-6458c83c3797
2025-04-12 12:14:12 - INFO - Creating task for group 13 (Упакованная вода)
2025-04-12 12:14:12 - INFO - Created task: bfe99724-987b-4a3f-b2f8-33126c1ae116
2025-04-12 12:14:12 - INFO - Creating task for group 15 (Пиво, напитки, изготавливаемые на основе пива, слабоалкогольные напитки)
2025-04-12 12:14:13 - INFO - Created task: e577cd7b-c24a-4afb-a96c-dbc1682c205c
2025-04-12 12:14:13 - INFO - Creating task for group 17 (Биологически активные добавки к пище)
2025-04-12 12:14:14 - INFO - Created task: 8517487c-9432-4697-ab05-d65f0e46e532
2025-04-12 12:14:14 - INFO - Creating task for group 23 (Соковая продукция и безалкогольные напитки)
2025-04-12 12:14:14 - INFO - Created task: a9c9ee60-eb80-4eca-b017-7a784da812ca
2025-04-12 12:14:14 - INFO - Saved 10 tasks to output\Лежнева Евгения - тс142\pending_tasks.txt
2025-04-12 12:46:25 - INFO - Creating tasks for certificate: Омелина Татьяна - тс28
2025-04-12 12:46:25 - INFO - Using date range: 2025-04-11 to 2025-04-11 (yesterday's data)
2025-04-12 12:46:25 - INFO - Creating task for group 1 (Предметы одежды, бельё постельное, столовое, туалетное и кухонное)
2025-04-12 12:46:26 - INFO - Created task: 083ffb63-a2a0-4bb2-9d14-9c486b3ce195
2025-04-12 12:46:26 - INFO - Creating task for group 2 (Обувные товары)
2025-04-12 12:46:27 - INFO - Created task: a1e97c60-3131-4ee7-ad1d-65ca65f8448b
2025-04-12 12:46:27 - INFO - Creating task for group 3 (Табачная продукция)
2025-04-12 12:46:27 - INFO - Created task: 93a31eff-6055-424f-b8fb-4cdee21efd91
2025-04-12 12:46:27 - INFO - Creating task for group 4 (Духи и туалетная вода)
2025-04-12 12:46:28 - INFO - Created task: 8158f0be-bbd9-4907-87aa-70f118d40fd2
2025-04-12 12:46:28 - INFO - Creating task for group 5 (Шины и покрышки пневматические резиновые новые)
2025-04-12 12:46:29 - INFO - Created task: a541800f-5b3f-49ce-a018-9e885a44b931
2025-04-12 12:46:29 - INFO - Creating task for group 8 (Молочная продукция)
2025-04-12 12:46:29 - INFO - Created task: d465ccfa-6cc7-416f-a9b0-79064b2c174f
2025-04-12 12:46:29 - INFO - Creating task for group 13 (Упакованная вода)
2025-04-12 12:46:30 - INFO - Created task: 7f9a2609-9c14-4ecb-93ff-fb11e1125e2b
2025-04-12 12:46:30 - INFO - Creating task for group 15 (Пиво, напитки, изготавливаемые на основе пива, слабоалкогольные напитки)
2025-04-12 12:46:31 - INFO - Created task: 95d593b5-fec8-4791-bab5-cb41a23a1f07
2025-04-12 12:46:31 - INFO - Creating task for group 17 (Биологически активные добавки к пище)
2025-04-12 12:46:31 - INFO - Created task: 9c533a65-202c-402b-9b93-94dec31c703d
2025-04-12 12:46:31 - INFO - Creating task for group 23 (Соковая продукция и безалкогольные напитки)
2025-04-12 12:46:32 - INFO - Created task: b0e5a42b-e642-47d9-9ed3-03c27f5cbe5f
2025-04-12 12:46:32 - INFO - Saved 10 tasks to output\Омелина Татьяна - тс28\pending_tasks.txt
2025-04-12 12:47:13 - INFO - Creating tasks for certificate: Хуторская Татьяна - тс324
2025-04-12 12:47:13 - INFO - Using date range: 2025-04-11 to 2025-04-11 (yesterday's data)
2025-04-12 12:47:13 - INFO - Creating task for group 1 (Предметы одежды, бельё постельное, столовое, туалетное и кухонное)
2025-04-12 12:47:14 - INFO - Created task: 31d66086-9ab2-4d3c-bb9c-8aef69121508
2025-04-12 12:47:14 - INFO - Creating task for group 2 (Обувные товары)
2025-04-12 12:47:15 - INFO - Created task: 893571b0-48c1-43a1-ab61-082942e8e3ec
2025-04-12 12:47:15 - INFO - Creating task for group 3 (Табачная продукция)
2025-04-12 12:47:15 - INFO - Created task: 8436a462-e95a-4095-a10b-182a8b46fd03
2025-04-12 12:47:15 - INFO - Creating task for group 4 (Духи и туалетная вода)
2025-04-12 12:47:16 - INFO - Created task: be8d7ece-52fa-4152-8e13-20a4a241e4f7
2025-04-12 12:47:16 - INFO - Creating task for group 5 (Шины и покрышки пневматические резиновые новые)
2025-04-12 12:47:17 - INFO - Created task: 42261866-a201-4a96-b4d4-5ee56b18667b
2025-04-12 12:47:17 - INFO - Creating task for group 8 (Молочная продукция)
2025-04-12 12:47:17 - INFO - Created task: 7cbc9d81-44af-473d-963b-9d92e9e21db9
2025-04-12 12:47:17 - INFO - Creating task for group 13 (Упакованная вода)
2025-04-12 12:47:18 - INFO - Created task: f4ec7954-b291-421d-a340-afcad20f7ec0
2025-04-12 12:47:18 - INFO - Creating task for group 15 (Пиво, напитки, изготавливаемые на основе пива, слабоалкогольные напитки)
2025-04-12 12:47:19 - INFO - Created task: ef5c4186-6b45-43e2-8d69-e5120b9ac346
2025-04-12 12:47:19 - INFO - Creating task for group 17 (Биологически активные добавки к пище)
2025-04-12 12:47:19 - INFO - Created task: 516fe02c-dae4-4d20-b6ac-9c4b64d2e480
2025-04-12 12:47:19 - INFO - Creating task for group 23 (Соковая продукция и безалкогольные напитки)
2025-04-12 12:47:20 - INFO - Created task: e0da7708-de5a-4c1b-be11-22de16f42709
2025-04-12 12:47:20 - INFO - Saved 10 tasks to output\Хуторская Татьяна - тс324\pending_tasks.txt
2025-04-12 12:48:01 - INFO - Creating tasks for certificate: Хуторская Татьяна - тс124
2025-04-12 12:48:01 - INFO - Using date range: 2025-04-11 to 2025-04-11 (yesterday's data)
2025-04-12 12:48:01 - INFO - Creating task for group 1 (Предметы одежды, бельё постельное, столовое, туалетное и кухонное)
2025-04-12 12:48:01 - INFO - Created task: 54eec609-a972-41f9-989f-0bb3eb29fc97
2025-04-12 12:48:01 - INFO - Creating task for group 2 (Обувные товары)
2025-04-12 12:48:02 - INFO - Created task: 09482c41-a509-42bc-9178-52ab63ce780d
2025-04-12 12:48:02 - INFO - Creating task for group 3 (Табачная продукция)
2025-04-12 12:48:03 - INFO - Created task: 40e5acf9-f15d-4e0d-aa95-1a301cf66afb
2025-04-12 12:48:03 - INFO - Creating task for group 4 (Духи и туалетная вода)
2025-04-12 12:48:03 - INFO - Created task: b1b8506c-f647-49ac-ac90-bb4da89c548a
2025-04-12 12:48:03 - INFO - Creating task for group 5 (Шины и покрышки пневматические резиновые новые)
2025-04-12 12:48:04 - INFO - Created task: 96c5cc2a-f3ec-437a-a757-660baf7df6f2
2025-04-12 12:48:04 - INFO - Creating task for group 8 (Молочная продукция)
2025-04-12 12:48:05 - INFO - Created task: 06d4f9ae-cbd1-47fe-a89b-7e9af710fc10
2025-04-12 12:48:05 - INFO - Creating task for group 13 (Упакованная вода)
2025-04-12 12:48:05 - INFO - Created task: 33051fb7-c377-4287-ac14-071e834ff319
2025-04-12 12:48:05 - INFO - Creating task for group 15 (Пиво, напитки, изготавливаемые на основе пива, слабоалкогольные напитки)
2025-04-12 12:48:06 - INFO - Created task: ee453708-f147-4f74-9797-9591722e0e69
2025-04-12 12:48:06 - INFO - Creating task for group 17 (Биологически активные добавки к пище)
2025-04-12 12:48:07 - INFO - Created task: bcef0e13-da7b-4798-886c-af4371e5afa2
2025-04-12 12:48:07 - INFO - Creating task for group 23 (Соковая продукция и безалкогольные напитки)
2025-04-12 12:48:07 - INFO - Created task: f026385b-0323-48bf-965d-612683106dc4
2025-04-12 12:48:07 - INFO - Saved 10 tasks to output\Хуторская Татьяна - тс124\pending_tasks.txt
2025-04-12 12:48:48 - INFO - Creating tasks for certificate: Хуторская Татьяна - тс3
2025-04-12 12:48:48 - INFO - Using date range: 2025-04-11 to 2025-04-11 (yesterday's data)
2025-04-12 12:48:48 - INFO - Creating task for group 1 (Предметы одежды, бельё постельное, столовое, туалетное и кухонное)
2025-04-12 12:48:48 - INFO - Created task: 5dbdb1b9-cdd9-4901-ab4c-59591e083ad3
2025-04-12 12:48:48 - INFO - Creating task for group 2 (Обувные товары)
2025-04-12 12:48:49 - INFO - Created task: 64b36ff2-9c9e-4c08-b064-7451921c043a
2025-04-12 12:48:49 - INFO - Creating task for group 3 (Табачная продукция)
2025-04-12 12:48:50 - INFO - Created task: 5099be89-edcf-4ea2-97da-fb48a9737a09
2025-04-12 12:48:50 - INFO - Creating task for group 4 (Духи и туалетная вода)
2025-04-12 12:48:50 - INFO - Created task: 8b70c795-6383-404d-91a7-a630534f900f
2025-04-12 12:48:50 - INFO - Creating task for group 5 (Шины и покрышки пневматические резиновые новые)
2025-04-12 12:48:51 - INFO - Created task: a8826ef7-2d76-4d39-afb2-ae444da14252
2025-04-12 12:48:51 - INFO - Creating task for group 8 (Молочная продукция)
2025-04-12 12:48:52 - INFO - Created task: 0b619a2d-2fde-45ff-a3d3-3c349889c50b
2025-04-12 12:48:52 - INFO - Creating task for group 13 (Упакованная вода)
2025-04-12 12:48:52 - INFO - Created task: 629f53c6-db37-4656-a4f7-59c6d8df3194
2025-04-12 12:48:52 - INFO - Creating task for group 15 (Пиво, напитки, изготавливаемые на основе пива, слабоалкогольные напитки)
2025-04-12 12:48:53 - INFO - Created task: 746359a9-1b66-4d20-bad6-dda4ef2af165
2025-04-12 12:48:53 - INFO - Creating task for group 17 (Биологически активные добавки к пище)
2025-04-12 12:48:54 - INFO - Created task: 00a3bd15-32de-4c0d-beb7-562bbd0d39c6
2025-04-12 12:48:54 - INFO - Creating task for group 23 (Соковая продукция и безалкогольные напитки)
2025-04-12 12:48:54 - INFO - Created task: 3ee0210e-5ecd-44d9-8ae1-a5f29633793b
2025-04-12 12:48:54 - INFO - Saved 10 tasks to output\Хуторская Татьяна - тс3\pending_tasks.txt
2025-04-12 12:49:14 - INFO - Creating tasks for certificate: Хуторская Татьяна - тс5
2025-04-12 12:49:14 - INFO - Using date range: 2025-04-11 to 2025-04-11 (yesterday's data)
2025-04-12 12:49:14 - INFO - Creating task for group 1 (Предметы одежды, бельё постельное, столовое, туалетное и кухонное)
2025-04-12 12:49:15 - INFO - Created task: a7a82ba4-d7b7-4510-bcd0-57aef226da89
2025-04-12 12:49:15 - INFO - Creating task for group 2 (Обувные товары)
2025-04-12 12:49:15 - INFO - Created task: 94c61eb0-4857-4203-9770-b3bd51842dec
2025-04-12 12:49:15 - INFO - Creating task for group 3 (Табачная продукция)
2025-04-12 12:49:16 - INFO - Created task: 435affbf-6935-4152-a970-f7f7f2b7ff5e
2025-04-12 12:49:16 - INFO - Creating task for group 4 (Духи и туалетная вода)
2025-04-12 12:49:17 - INFO - Created task: 5f71e56e-aae3-4761-ac5b-32c2413fca7f
2025-04-12 12:49:17 - INFO - Creating task for group 5 (Шины и покрышки пневматические резиновые новые)
2025-04-12 12:49:17 - INFO - Created task: ea4e6826-b117-49aa-8d8d-d1f6db974047
2025-04-12 12:49:17 - INFO - Creating task for group 8 (Молочная продукция)
2025-04-12 12:49:18 - INFO - Created task: 2a4cb22a-b283-4885-8e65-935e4e98f7c2
2025-04-12 12:49:18 - INFO - Creating task for group 13 (Упакованная вода)
2025-04-12 12:49:19 - INFO - Created task: 5d19c846-e1ac-4559-979d-5f70261dd676
2025-04-12 12:49:19 - INFO - Creating task for group 15 (Пиво, напитки, изготавливаемые на основе пива, слабоалкогольные напитки)
2025-04-12 12:49:19 - INFO - Created task: a71979bb-8b3d-4bcb-873d-4442b7bd51f1
2025-04-12 12:49:19 - INFO - Creating task for group 17 (Биологически активные добавки к пище)
2025-04-12 12:49:20 - INFO - Created task: e485bf8c-ca6a-4fa0-8030-2cf9762549b8
2025-04-12 12:49:20 - INFO - Creating task for group 23 (Соковая продукция и безалкогольные напитки)
2025-04-12 12:49:20 - INFO - Created task: 78fc6d48-5931-4385-977a-8e19f50a7cf6
2025-04-12 12:49:20 - INFO - Saved 10 tasks to output\Хуторская Татьяна - тс5\pending_tasks.txt
2025-04-12 12:50:01 - INFO - Creating tasks for certificate: Лежнева Евгения - тс54
2025-04-12 12:50:01 - INFO - Using date range: 2025-04-11 to 2025-04-11 (yesterday's data)
2025-04-12 12:50:01 - INFO - Creating task for group 1 (Предметы одежды, бельё постельное, столовое, туалетное и кухонное)
2025-04-12 12:50:02 - INFO - Created task: faac4f89-3583-4148-9f51-0cfc0d8d4a2f
2025-04-12 12:50:02 - INFO - Creating task for group 2 (Обувные товары)
2025-04-12 12:50:02 - INFO - Created task: 398248c4-444c-49dd-852a-c3ef5ac3a1f9
2025-04-12 12:50:02 - INFO - Creating task for group 3 (Табачная продукция)
2025-04-12 12:50:03 - INFO - Created task: 673cd380-5876-4b09-b960-9bbf1c062e11
2025-04-12 12:50:03 - INFO - Creating task for group 4 (Духи и туалетная вода)
2025-04-12 12:50:04 - INFO - Created task: c38d1f2b-17bb-4069-bcd5-5eeb21ea3cd3
2025-04-12 12:50:04 - INFO - Creating task for group 5 (Шины и покрышки пневматические резиновые новые)
2025-04-12 12:50:04 - INFO - Created task: dce47c21-9d29-443d-92fb-034944975fbb
2025-04-12 12:50:04 - INFO - Creating task for group 8 (Молочная продукция)
2025-04-12 12:50:05 - INFO - Created task: d23d0469-41d1-4c6a-a60e-8b8104252975
2025-04-12 12:50:05 - INFO - Creating task for group 13 (Упакованная вода)
2025-04-12 12:50:06 - INFO - Created task: 36ee5e24-c418-43c4-ab24-0d257c268a14
2025-04-12 12:50:06 - INFO - Creating task for group 15 (Пиво, напитки, изготавливаемые на основе пива, слабоалкогольные напитки)
2025-04-12 12:50:06 - INFO - Created task: 43748ed1-ab98-4d0b-948d-eff61d2d44e8
2025-04-12 12:50:06 - INFO - Creating task for group 17 (Биологически активные добавки к пище)
2025-04-12 12:50:07 - INFO - Created task: ace239f5-acc3-40fa-a898-2d3400e55f67
2025-04-12 12:50:07 - INFO - Creating task for group 23 (Соковая продукция и безалкогольные напитки)
2025-04-12 12:50:08 - INFO - Created task: e192c5cd-9873-4af0-91b4-432d39870537
2025-04-12 12:50:08 - INFO - Saved 10 tasks to output\Лежнева Евгения - тс54\pending_tasks.txt
2025-04-12 12:50:27 - INFO - Creating tasks for certificate: Лежнева Евгения - тс55
2025-04-12 12:50:27 - INFO - Using date range: 2025-04-11 to 2025-04-11 (yesterday's data)
2025-04-12 12:50:27 - INFO - Creating task for group 1 (Предметы одежды, бельё постельное, столовое, туалетное и кухонное)
2025-04-12 12:50:28 - INFO - Created task: f1b785f6-8766-41c3-b94e-2f9eb5635624
2025-04-12 12:50:28 - INFO - Creating task for group 2 (Обувные товары)
2025-04-12 12:50:29 - INFO - Created task: 79fc9c47-10f3-4f12-ac09-be5bfa6860fc
2025-04-12 12:50:29 - INFO - Creating task for group 3 (Табачная продукция)
2025-04-12 12:50:29 - INFO - Created task: 8bd2356b-3f4d-4406-9c4b-59e514ea8a6c
2025-04-12 12:50:29 - INFO - Creating task for group 4 (Духи и туалетная вода)
2025-04-12 12:50:30 - INFO - Created task: ba489810-79ed-4008-9e75-cd937ff6b1b8
2025-04-12 12:50:30 - INFO - Creating task for group 5 (Шины и покрышки пневматические резиновые новые)
2025-04-12 12:50:31 - INFO - Created task: f9e0c1e9-5a96-4e53-950e-59afb31c8cbe
2025-04-12 12:50:31 - INFO - Creating task for group 8 (Молочная продукция)
2025-04-12 12:50:31 - INFO - Created task: c1760f93-01c8-4bac-899d-1bebb9aa2612
2025-04-12 12:50:31 - INFO - Creating task for group 13 (Упакованная вода)
2025-04-12 12:50:32 - INFO - Created task: 812742fc-4abe-4425-ad14-a79edaa36f71
2025-04-12 12:50:32 - INFO - Creating task for group 15 (Пиво, напитки, изготавливаемые на основе пива, слабоалкогольные напитки)
2025-04-12 12:50:33 - INFO - Created task: e8ef1a11-b856-4a6f-bcb4-7717ae9ceb88
2025-04-12 12:50:33 - INFO - Creating task for group 17 (Биологически активные добавки к пище)
2025-04-12 12:50:33 - INFO - Created task: 45c31a06-6d3b-43b1-a940-452dad2441f9
2025-04-12 12:50:33 - INFO - Creating task for group 23 (Соковая продукция и безалкогольные напитки)
2025-04-12 12:50:34 - INFO - Created task: ecc47313-9867-4962-ab81-00d98e43c8b8
2025-04-12 12:50:34 - INFO - Saved 10 tasks to output\Лежнева Евгения - тс55\pending_tasks.txt
2025-04-12 12:51:14 - INFO - Creating tasks for certificate: Лежнева Евгения - тс142
2025-04-12 12:51:14 - INFO - Using date range: 2025-04-11 to 2025-04-11 (yesterday's data)
2025-04-12 12:51:14 - INFO - Creating task for group 1 (Предметы одежды, бельё постельное, столовое, туалетное и кухонное)
2025-04-12 12:51:15 - INFO - Created task: 7db97f0d-3c26-47cd-aa9e-b82cb14abb06
2025-04-12 12:51:15 - INFO - Creating task for group 2 (Обувные товары)
2025-04-12 12:51:16 - INFO - Created task: 47750169-aecd-4ce1-acc8-87e85ba654ff
2025-04-12 12:51:16 - INFO - Creating task for group 3 (Табачная продукция)
2025-04-12 12:51:17 - INFO - Created task: a7092b22-605f-458f-a8e1-a9778f81606f
2025-04-12 12:51:17 - INFO - Creating task for group 4 (Духи и туалетная вода)
2025-04-12 12:51:17 - INFO - Created task: ec4e046b-fd46-4f05-8e93-4d01203b8046
2025-04-12 12:51:17 - INFO - Creating task for group 5 (Шины и покрышки пневматические резиновые новые)
2025-04-12 12:51:18 - INFO - Created task: f27e46cd-9cae-4685-b290-1eb87886cca4
2025-04-12 12:51:18 - INFO - Creating task for group 8 (Молочная продукция)
2025-04-12 12:51:19 - INFO - Created task: e8920157-b8a3-4314-aa03-3d6646b93d27
2025-04-12 12:51:19 - INFO - Creating task for group 13 (Упакованная вода)
2025-04-12 12:51:19 - INFO - Created task: 65c2d1d6-bbd1-4136-a3c7-e28bf288c2a1
2025-04-12 12:51:19 - INFO - Creating task for group 15 (Пиво, напитки, изготавливаемые на основе пива, слабоалкогольные напитки)
2025-04-12 12:51:20 - INFO - Created task: 0a42dadf-f1b1-45a5-b2de-10afd997a055
2025-04-12 12:51:20 - INFO - Creating task for group 17 (Биологически активные добавки к пище)
2025-04-12 12:51:21 - INFO - Created task: 21d6aca6-803a-4029-9622-5931519aafc0
2025-04-12 12:51:21 - INFO - Creating task for group 23 (Соковая продукция и безалкогольные напитки)
2025-04-12 12:51:21 - INFO - Created task: 240fe747-10dd-4ccf-ae30-6ad989113bdc
2025-04-12 12:51:21 - INFO - Saved 10 tasks to output\Лежнева Евгения - тс142\pending_tasks.txt
2025-04-12 13:40:08 - INFO - Creating tasks for certificate: Омелина Татьяна - тс28
2025-04-12 13:40:08 - INFO - Using date range: 2025-04-11 to 2025-04-11 (yesterday's data)
2025-04-12 13:40:08 - INFO - Creating task for group 1 (Предметы одежды, бельё постельное, столовое, туалетное и кухонное)
2025-04-12 13:40:09 - INFO - Created task: be3b99bd-f499-4125-9df8-9ad4cdab3b1b
2025-04-12 13:40:09 - INFO - Creating task for group 2 (Обувные товары)
2025-04-12 13:40:11 - INFO - Created task: 84c30d13-359d-4e19-be10-f8eb38f1f735
2025-04-12 13:40:11 - INFO - Creating task for group 3 (Табачная продукция)
2025-04-12 13:40:13 - INFO - Created task: 56031956-f649-4b50-a261-43e08bf1a217
2025-04-12 13:40:13 - INFO - Creating task for group 4 (Духи и туалетная вода)
2025-04-12 13:40:15 - INFO - Created task: ad7eb409-f064-4140-ae5f-5dc483a5e98a
2025-04-12 13:40:15 - INFO - Creating task for group 5 (Шины и покрышки пневматические резиновые новые)
2025-04-12 13:40:16 - INFO - Created task: 58668760-5c37-4ee1-ba4a-719b5ab8c285
2025-04-12 13:40:16 - INFO - Creating task for group 8 (Молочная продукция)
2025-04-12 13:40:18 - INFO - Created task: 402774ec-7a10-4aba-9cce-c229d7f7ef51
2025-04-12 13:40:18 - INFO - Creating task for group 13 (Упакованная вода)
2025-04-12 13:40:20 - INFO - Created task: 7fb1a15a-91f6-43f6-a8a0-7bfd91a0fe00
2025-04-12 13:40:20 - INFO - Creating task for group 15 (Пиво, напитки, изготавливаемые на основе пива, слабоалкогольные напитки)
2025-04-12 13:40:22 - INFO - Created task: db2e3d7c-5815-4209-9372-794f2210bcc0
2025-04-12 13:40:22 - INFO - Creating task for group 17 (Биологически активные добавки к пище)
2025-04-12 13:40:23 - INFO - Created task: 202657d2-abc3-425c-9ac2-c95489d8cbbe
2025-04-12 13:40:23 - INFO - Creating task for group 23 (Соковая продукция и безалкогольные напитки)
2025-04-12 13:40:25 - INFO - Created task: 9b0bf11f-1a14-428c-bd03-f7f1e7a21b3c
2025-04-12 13:40:25 - INFO - Saved 10 tasks to output\Омелина Татьяна - тс28\pending_tasks.txt
2025-04-12 13:41:15 - INFO - Creating tasks for certificate: Хуторская Татьяна - тс324
2025-04-12 13:41:15 - INFO - Using date range: 2025-04-11 to 2025-04-11 (yesterday's data)
2025-04-12 13:41:15 - INFO - Creating task for group 1 (Предметы одежды, бельё постельное, столовое, туалетное и кухонное)
2025-04-12 13:41:17 - INFO - Created task: e49ca33a-d633-4887-8535-8ad3ab1038d3
2025-04-12 13:41:17 - INFO - Creating task for group 2 (Обувные товары)
2025-04-12 13:41:19 - INFO - Created task: c39fccbb-cab5-4f9e-9d67-672e25b5df5d
2025-04-12 13:41:19 - INFO - Creating task for group 3 (Табачная продукция)
2025-04-12 13:41:20 - INFO - Created task: 2b0527a7-f39f-4016-aebf-b236e39c786a
2025-04-12 13:41:20 - INFO - Creating task for group 4 (Духи и туалетная вода)
2025-04-12 13:41:22 - INFO - Created task: d6436847-cba3-4a42-980f-8e0319ac9f9e
2025-04-12 13:41:22 - INFO - Creating task for group 5 (Шины и покрышки пневматические резиновые новые)
2025-04-12 13:41:24 - INFO - Created task: e79d0ccf-6301-4464-b18f-4d6e79430cf2
2025-04-12 13:41:24 - INFO - Creating task for group 8 (Молочная продукция)
2025-04-12 13:41:26 - INFO - Created task: 4d3f609e-2cca-4675-9185-88fbce074b11
2025-04-12 13:41:26 - INFO - Creating task for group 13 (Упакованная вода)
2025-04-12 13:41:27 - INFO - Created task: 7facff0c-5a83-4fae-9367-2fd4a7783db8
2025-04-12 13:41:27 - INFO - Creating task for group 15 (Пиво, напитки, изготавливаемые на основе пива, слабоалкогольные напитки)
2025-04-12 13:41:29 - INFO - Created task: 0dd269aa-0c63-4c6d-8b3d-1b7788174388
2025-04-12 13:41:29 - INFO - Creating task for group 17 (Биологически активные добавки к пище)
2025-04-12 13:41:31 - INFO - Created task: b708711b-1335-411f-b1b8-0ef6677d4643
2025-04-12 13:41:31 - INFO - Creating task for group 23 (Соковая продукция и безалкогольные напитки)
2025-04-12 13:41:33 - INFO - Created task: 11c518f9-7fc6-4b87-b187-8fa67058edfe
2025-04-12 13:41:33 - INFO - Saved 10 tasks to output\Хуторская Татьяна - тс324\pending_tasks.txt
2025-04-12 13:42:20 - INFO - Creating tasks for certificate: Хуторская Татьяна - тс124
2025-04-12 13:42:20 - INFO - Using date range: 2025-04-11 to 2025-04-11 (yesterday's data)
2025-04-12 13:42:20 - INFO - Creating task for group 1 (Предметы одежды, бельё постельное, столовое, туалетное и кухонное)
2025-04-12 13:42:21 - INFO - Created task: 10683bd7-1fe2-4fa2-ac1b-93e69e830620
2025-04-12 13:42:21 - INFO - Creating task for group 2 (Обувные товары)
2025-04-12 13:42:23 - INFO - Created task: 253ca59e-46ef-4309-903d-8716c37c0cd8
2025-04-12 13:42:23 - INFO - Creating task for group 3 (Табачная продукция)
2025-04-12 13:42:24 - INFO - Created task: c24cec79-fa4f-4ec2-aa5d-4d6947dc1972
2025-04-12 13:42:24 - INFO - Creating task for group 4 (Духи и туалетная вода)
2025-04-12 13:42:26 - INFO - Created task: ae905e8c-45af-4eec-911d-2970373699d1
2025-04-12 13:42:26 - INFO - Creating task for group 5 (Шины и покрышки пневматические резиновые новые)
2025-04-12 13:42:27 - INFO - Created task: e9238eaa-7992-419f-9cd3-b1e6d6ec2e26
2025-04-12 13:42:27 - INFO - Creating task for group 8 (Молочная продукция)
2025-04-12 13:42:29 - INFO - Created task: 352e86f4-75b1-4134-be71-9d19e8c5d0aa
2025-04-12 13:42:29 - INFO - Creating task for group 13 (Упакованная вода)
2025-04-12 13:42:31 - INFO - Created task: a742bcc7-1232-4afd-a0aa-a076f87a928e
2025-04-12 13:42:31 - INFO - Creating task for group 15 (Пиво, напитки, изготавливаемые на основе пива, слабоалкогольные напитки)
2025-04-12 13:42:32 - INFO - Created task: 993d8c51-d600-4304-8b1e-a00bf8e67d55
2025-04-12 13:42:32 - INFO - Creating task for group 17 (Биологически активные добавки к пище)
2025-04-12 13:42:34 - INFO - Created task: dc15079c-d756-4425-a645-44394524f739
2025-04-12 13:42:34 - INFO - Creating task for group 23 (Соковая продукция и безалкогольные напитки)
2025-04-12 13:42:35 - INFO - Created task: b78f0c8f-fe83-4927-b7cc-ab171e5bad81
2025-04-12 13:42:35 - INFO - Saved 10 tasks to output\Хуторская Татьяна - тс124\pending_tasks.txt
2025-04-12 13:43:22 - INFO - Creating tasks for certificate: Хуторская Татьяна - тс3
2025-04-12 13:43:22 - INFO - Using date range: 2025-04-11 to 2025-04-11 (yesterday's data)
2025-04-12 13:43:22 - INFO - Creating task for group 1 (Предметы одежды, бельё постельное, столовое, туалетное и кухонное)
2025-04-12 13:43:24 - INFO - Created task: 85980882-156b-4f1f-9d6f-51207033fdf2
2025-04-12 13:43:24 - INFO - Creating task for group 2 (Обувные товары)
2025-04-12 13:43:26 - INFO - Created task: f9d42aaf-3de0-478d-bd65-6b956603a8f4
2025-04-12 13:43:26 - INFO - Creating task for group 3 (Табачная продукция)
2025-04-12 13:43:27 - INFO - Created task: 82c0f837-33dc-4609-a23f-1cecb8079503
2025-04-12 13:43:27 - INFO - Creating task for group 4 (Духи и туалетная вода)
2025-04-12 13:43:29 - INFO - Created task: 9d662722-d566-4595-a0be-c87930267aa5
2025-04-12 13:43:29 - INFO - Creating task for group 5 (Шины и покрышки пневматические резиновые новые)
2025-04-12 13:43:30 - INFO - Created task: d984f07c-7ee4-4e62-ada8-3e76c90d3acf
2025-04-12 13:43:30 - INFO - Creating task for group 8 (Молочная продукция)
2025-04-12 13:43:32 - INFO - Created task: 7da08a66-e960-4ee3-beca-77a19499ed70
2025-04-12 13:43:32 - INFO - Creating task for group 13 (Упакованная вода)
2025-04-12 13:43:33 - INFO - Created task: ae7cd7b0-141d-4e7f-9546-dba7b8b1c2f7
2025-04-12 13:43:33 - INFO - Creating task for group 15 (Пиво, напитки, изготавливаемые на основе пива, слабоалкогольные напитки)
2025-04-12 13:43:35 - INFO - Created task: 3d117731-77de-4804-8ef0-c8f5048c8a2b
2025-04-12 13:43:35 - INFO - Creating task for group 17 (Биологически активные добавки к пище)
2025-04-12 13:43:37 - INFO - Created task: 93d629dc-b275-4627-8027-b61e55fa8096
2025-04-12 13:43:37 - INFO - Creating task for group 23 (Соковая продукция и безалкогольные напитки)
2025-04-12 13:43:38 - INFO - Created task: ab82fcf7-f88b-4674-a0e9-b27a34b8e0c0
2025-04-12 13:43:38 - INFO - Saved 10 tasks to output\Хуторская Татьяна - тс3\pending_tasks.txt
2025-04-12 13:44:25 - INFO - Creating tasks for certificate: Хуторская Татьяна - тс5
2025-04-12 13:44:25 - INFO - Using date range: 2025-04-11 to 2025-04-11 (yesterday's data)
2025-04-12 13:44:25 - INFO - Creating task for group 1 (Предметы одежды, бельё постельное, столовое, туалетное и кухонное)
2025-04-12 13:44:27 - INFO - Created task: 154bee9b-1f10-40f5-98ec-a3ee3a7a6e0a
2025-04-12 13:44:27 - INFO - Creating task for group 2 (Обувные товары)
2025-04-12 13:44:28 - INFO - Created task: 65653cd2-e4be-4ab3-b7b4-d3cebe04e389
2025-04-12 13:44:28 - INFO - Creating task for group 3 (Табачная продукция)
2025-04-12 13:44:30 - INFO - Created task: 8b1e6e37-24b4-475a-b495-1f7b56faa400
2025-04-12 13:44:30 - INFO - Creating task for group 4 (Духи и туалетная вода)
2025-04-12 13:44:32 - INFO - Created task: af9cf396-dd38-43fd-8b17-6fbb9c591168
2025-04-12 13:44:32 - INFO - Creating task for group 5 (Шины и покрышки пневматические резиновые новые)
2025-04-12 13:44:34 - INFO - Created task: 37eb614c-c746-4b7d-a96b-0085928f4f4d
2025-04-12 13:44:34 - INFO - Creating task for group 8 (Молочная продукция)
2025-04-12 13:44:35 - INFO - Created task: 9cba6b6c-ac00-4434-85a5-7604ab58dbec
2025-04-12 13:44:35 - INFO - Creating task for group 13 (Упакованная вода)
2025-04-12 13:44:37 - INFO - Created task: edb4292a-a97b-4b17-a715-6a14d28e3cde
2025-04-12 13:44:37 - INFO - Creating task for group 15 (Пиво, напитки, изготавливаемые на основе пива, слабоалкогольные напитки)
2025-04-12 13:44:38 - INFO - Created task: 617f8b00-a4e1-442e-a9c8-caf61d9dd156
2025-04-12 13:44:38 - INFO - Creating task for group 17 (Биологически активные добавки к пище)
2025-04-12 13:44:40 - INFO - Created task: 1ccb021d-54c9-4bee-9933-8debfe134817
2025-04-12 13:44:40 - INFO - Creating task for group 23 (Соковая продукция и безалкогольные напитки)
2025-04-12 13:44:42 - INFO - Created task: eded28ce-dfb6-412d-a1e5-4f6ad6d7a5b8
2025-04-12 13:44:42 - INFO - Saved 10 tasks to output\Хуторская Татьяна - тс5\pending_tasks.txt
2025-04-12 13:45:29 - INFO - Creating tasks for certificate: Лежнева Евгения - тс54
2025-04-12 13:45:29 - INFO - Using date range: 2025-04-11 to 2025-04-11 (yesterday's data)
2025-04-12 13:45:29 - INFO - Creating task for group 1 (Предметы одежды, бельё постельное, столовое, туалетное и кухонное)
2025-04-12 13:45:31 - INFO - Created task: 1f110ddd-8347-428b-b9e8-c26206277b49
2025-04-12 13:45:31 - INFO - Creating task for group 2 (Обувные товары)
2025-04-12 13:45:32 - INFO - Created task: c499b649-402e-4719-9d08-7287abbd2660
2025-04-12 13:45:32 - INFO - Creating task for group 3 (Табачная продукция)
2025-04-12 13:45:34 - INFO - Created task: 581e6eb5-b24a-4fd3-aa3c-d506c02688b1
2025-04-12 13:45:34 - INFO - Creating task for group 4 (Духи и туалетная вода)
2025-04-12 13:45:35 - INFO - Created task: 28ef2e2b-53b3-4613-8860-fb07046e282c
2025-04-12 13:45:35 - INFO - Creating task for group 5 (Шины и покрышки пневматические резиновые новые)
2025-04-12 13:45:37 - INFO - Created task: fb430d87-96fd-44c0-8b41-ceaf62784eb1
2025-04-12 13:45:37 - INFO - Creating task for group 8 (Молочная продукция)
2025-04-12 13:45:38 - INFO - Created task: 7b66478e-0770-470d-b421-6528e6679a7b
2025-04-12 13:45:38 - INFO - Creating task for group 13 (Упакованная вода)
2025-04-12 13:45:39 - INFO - Created task: 04f96131-f603-4f46-ae31-63e2ae3f9984
2025-04-12 13:45:39 - INFO - Creating task for group 15 (Пиво, напитки, изготавливаемые на основе пива, слабоалкогольные напитки)
2025-04-12 13:45:41 - INFO - Created task: c0a1c7ba-83aa-4bdc-b222-0a4bced8221d
2025-04-12 13:45:41 - INFO - Creating task for group 17 (Биологически активные добавки к пище)
2025-04-12 13:45:42 - INFO - Created task: a571daa4-c78e-49ba-a720-d3a8b2e3512c
2025-04-12 13:45:42 - INFO - Creating task for group 23 (Соковая продукция и безалкогольные напитки)
2025-04-12 13:45:44 - INFO - Created task: cdd4012b-f9f9-4478-93d5-dd087a94c169
2025-04-12 13:45:44 - INFO - Saved 10 tasks to output\Лежнева Евгения - тс54\pending_tasks.txt
2025-04-12 13:46:29 - INFO - Creating tasks for certificate: Лежнева Евгения - тс55
2025-04-12 13:46:29 - INFO - Using date range: 2025-04-11 to 2025-04-11 (yesterday's data)
2025-04-12 13:46:29 - INFO - Creating task for group 1 (Предметы одежды, бельё постельное, столовое, туалетное и кухонное)
2025-04-12 13:46:31 - INFO - Created task: 57087224-90d7-4398-b099-6ee37b326dfa
2025-04-12 13:46:31 - INFO - Creating task for group 2 (Обувные товары)
2025-04-12 13:46:33 - INFO - Created task: 098b02b3-9092-48bc-8e2a-516483fc5602
2025-04-12 13:46:33 - INFO - Creating task for group 3 (Табачная продукция)
2025-04-12 13:46:34 - INFO - Created task: 846ad23c-0708-4021-9e9e-194e0c7322ba
2025-04-12 13:46:34 - INFO - Creating task for group 4 (Духи и туалетная вода)
2025-04-12 13:46:36 - INFO - Created task: b6649552-2314-45f3-a780-199250bf6231
2025-04-12 13:46:36 - INFO - Creating task for group 5 (Шины и покрышки пневматические резиновые новые)
2025-04-12 13:46:37 - INFO - Created task: ee0380b1-6f08-4a6e-aa98-831b36253f85
2025-04-12 13:46:37 - INFO - Creating task for group 8 (Молочная продукция)
2025-04-12 13:46:39 - INFO - Created task: d7a0c3b8-b723-4bd6-88f6-a2e0ecb6e051
2025-04-12 13:46:39 - INFO - Creating task for group 13 (Упакованная вода)
2025-04-12 13:46:40 - INFO - Created task: a937a033-68a1-49bf-b09d-77cb0e37e703
2025-04-12 13:46:40 - INFO - Creating task for group 15 (Пиво, напитки, изготавливаемые на основе пива, слабоалкогольные напитки)
2025-04-12 13:46:42 - INFO - Created task: 8fec9753-3abb-4947-b82d-73c6bc43ca4c
2025-04-12 13:46:42 - INFO - Creating task for group 17 (Биологически активные добавки к пище)
2025-04-12 13:46:44 - INFO - Created task: 1115afda-db0a-4405-a481-96720259a18e
2025-04-12 13:46:44 - INFO - Creating task for group 23 (Соковая продукция и безалкогольные напитки)
2025-04-12 13:46:45 - INFO - Created task: ac3ef62a-5fe4-44f9-8ea1-1a5b0decb710
2025-04-12 13:46:45 - INFO - Saved 10 tasks to output\Лежнева Евгения - тс55\pending_tasks.txt
2025-04-12 13:47:32 - INFO - Creating tasks for certificate: Лежнева Евгения - тс142
2025-04-12 13:47:32 - INFO - Using date range: 2025-04-11 to 2025-04-11 (yesterday's data)
2025-04-12 13:47:32 - INFO - Creating task for group 1 (Предметы одежды, бельё постельное, столовое, туалетное и кухонное)
2025-04-12 13:47:34 - INFO - Created task: 198432a1-fc8f-4d0e-b80f-a9f1e258f711
2025-04-12 13:47:34 - INFO - Creating task for group 2 (Обувные товары)
2025-04-12 13:47:36 - INFO - Created task: a547afa9-6a4f-4cb3-b835-0af8ab3ce8e0
2025-04-12 13:47:36 - INFO - Creating task for group 3 (Табачная продукция)
2025-04-12 13:47:37 - INFO - Created task: 1da75d36-9f12-4cb9-9bea-00effa9e11b8
2025-04-12 13:47:37 - INFO - Creating task for group 4 (Духи и туалетная вода)
2025-04-12 13:47:39 - INFO - Created task: 2f4c13a0-27f3-47f3-8f9d-8dd782ca2bb3
2025-04-12 13:47:39 - INFO - Creating task for group 5 (Шины и покрышки пневматические резиновые новые)
2025-04-12 13:47:41 - INFO - Created task: 0b4298c2-4ecd-4df6-b3a8-9ad637396267
2025-04-12 13:47:41 - INFO - Creating task for group 8 (Молочная продукция)
2025-04-12 13:47:42 - INFO - Created task: e50164a1-5d08-42fd-bcb7-6e44998c17a2
2025-04-12 13:47:42 - INFO - Creating task for group 13 (Упакованная вода)
2025-04-12 13:47:44 - INFO - Created task: c4861f8f-7222-4906-aab9-86606bb4b268
2025-04-12 13:47:44 - INFO - Creating task for group 15 (Пиво, напитки, изготавливаемые на основе пива, слабоалкогольные напитки)
2025-04-12 13:47:45 - INFO - Created task: dd52289a-a506-40da-81c0-e1ee5c39338b
2025-04-12 13:47:45 - INFO - Creating task for group 17 (Биологически активные добавки к пище)
2025-04-12 13:47:47 - INFO - Created task: 6664e91a-3eb8-4c57-9a4b-bd057e4edf96
2025-04-12 13:47:47 - INFO - Creating task for group 23 (Соковая продукция и безалкогольные напитки)
2025-04-12 13:47:48 - INFO - Created task: a4036b8e-c54e-42a6-b2b8-d1546d4224ac
2025-04-12 13:47:48 - INFO - Saved 10 tasks to output\Лежнева Евгения - тс142\pending_tasks.txt
2025-04-12 14:09:43 - INFO - Creating tasks for certificate: Омелина Татьяна - тс28
2025-04-12 14:09:43 - INFO - Using date range: 2025-04-11 to 2025-04-11 (yesterday's data)
2025-04-12 14:09:43 - INFO - Creating task for group 1 (Предметы одежды, бельё постельное, столовое, туалетное и кухонное)
2025-04-12 14:09:44 - INFO - Created task: 51c1b6bb-f1f2-41aa-89f0-43f80d19a9ee
2025-04-12 14:09:44 - INFO - Creating task for group 2 (Обувные товары)
2025-04-12 14:09:44 - INFO - Created task: 476d3280-ad6b-4309-80bd-16eaf7621125
2025-04-12 14:09:44 - INFO - Creating task for group 3 (Табачная продукция)
2025-04-12 14:09:45 - INFO - Created task: 856b1770-c661-42aa-b0c0-c6986d0c9975
2025-04-12 14:09:45 - INFO - Creating task for group 4 (Духи и туалетная вода)
2025-04-12 14:09:46 - INFO - Created task: 97d04346-5921-408f-8533-efa0650f55e5
2025-04-12 14:09:46 - INFO - Creating task for group 5 (Шины и покрышки пневматические резиновые новые)
2025-04-12 14:09:46 - INFO - Created task: 7f82e675-015e-4f99-90ef-ecf2dd8b6244
2025-04-12 14:09:46 - INFO - Creating task for group 8 (Молочная продукция)
2025-04-12 14:09:47 - INFO - Created task: d028748c-7507-4b88-aa51-ec9fbe5a701d
2025-04-12 14:09:47 - INFO - Creating task for group 13 (Упакованная вода)
2025-04-12 14:09:48 - INFO - Created task: c5687ba6-15d2-4c56-945a-b3917300aa0f
2025-04-12 14:09:48 - INFO - Creating task for group 15 (Пиво, напитки, изготавливаемые на основе пива, слабоалкогольные напитки)
2025-04-12 14:09:48 - INFO - Created task: d994be02-516a-4769-af3a-50868df4651c
2025-04-12 14:09:48 - INFO - Creating task for group 17 (Биологически активные добавки к пище)
2025-04-12 14:09:49 - INFO - Created task: fcd5179c-6e6f-4f7a-b148-a4b66051f49e
2025-04-12 14:09:49 - INFO - Creating task for group 23 (Соковая продукция и безалкогольные напитки)
2025-04-12 14:09:50 - INFO - Created task: 761ec8fb-7a70-4a6e-8019-b2911edf0a3d
2025-04-12 14:09:50 - INFO - Saved 10 tasks to output\Омелина Татьяна - тс28\pending_tasks.txt
2025-04-12 14:10:09 - INFO - Creating tasks for certificate: Хуторская Татьяна - тс324
2025-04-12 14:10:09 - INFO - Using date range: 2025-04-11 to 2025-04-11 (yesterday's data)
2025-04-12 14:10:09 - INFO - Creating task for group 1 (Предметы одежды, бельё постельное, столовое, туалетное и кухонное)
2025-04-12 14:10:10 - INFO - Created task: 1e0e3dfe-f2e6-4da6-80db-c92311cd088c
2025-04-12 14:10:10 - INFO - Creating task for group 2 (Обувные товары)
2025-04-12 14:10:11 - INFO - Created task: 2e681c78-6d00-4d0b-a936-3d9106e453c3
2025-04-12 14:10:11 - INFO - Creating task for group 3 (Табачная продукция)
2025-04-12 14:10:11 - INFO - Created task: 1eb2858b-9408-4a08-a7b9-3c05bc8137f0
2025-04-12 14:10:11 - INFO - Creating task for group 4 (Духи и туалетная вода)
2025-04-12 14:10:12 - INFO - Created task: 4141c6ba-24ce-4be9-b8e0-e8d4e95f4968
2025-04-12 14:10:12 - INFO - Creating task for group 5 (Шины и покрышки пневматические резиновые новые)
2025-04-12 14:10:13 - INFO - Created task: 43a82768-81ba-4a2f-bc8a-7472db644bc9
2025-04-12 14:10:13 - INFO - Creating task for group 8 (Молочная продукция)
2025-04-12 14:10:13 - INFO - Created task: 55b3e61e-9cfa-4543-adea-c0f693797f84
2025-04-12 14:10:13 - INFO - Creating task for group 13 (Упакованная вода)
2025-04-12 14:10:14 - INFO - Created task: b6dbb781-e58b-46ef-9645-116019ae3a64
2025-04-12 14:10:14 - INFO - Creating task for group 15 (Пиво, напитки, изготавливаемые на основе пива, слабоалкогольные напитки)
2025-04-12 14:10:15 - INFO - Created task: d8e12536-b6eb-48c9-8305-584b2f365436
2025-04-12 14:10:15 - INFO - Creating task for group 17 (Биологически активные добавки к пище)
2025-04-12 14:10:15 - INFO - Created task: c63146e7-c379-4a01-995c-705a43956465
2025-04-12 14:10:15 - INFO - Creating task for group 23 (Соковая продукция и безалкогольные напитки)
2025-04-12 14:10:16 - INFO - Created task: ea36e662-4b64-42c4-896e-e4be91f828d4
2025-04-12 14:10:16 - INFO - Saved 10 tasks to output\Хуторская Татьяна - тс324\pending_tasks.txt
2025-04-12 14:10:56 - INFO - Creating tasks for certificate: Хуторская Татьяна - тс124
2025-04-12 14:10:56 - INFO - Using date range: 2025-04-11 to 2025-04-11 (yesterday's data)
2025-04-12 14:10:56 - INFO - Creating task for group 1 (Предметы одежды, бельё постельное, столовое, туалетное и кухонное)
2025-04-12 14:10:57 - INFO - Created task: f4f282a3-a701-42a1-9985-e35dce942285
2025-04-12 14:10:57 - INFO - Creating task for group 2 (Обувные товары)
2025-04-12 14:10:58 - INFO - Created task: bc359e71-d99a-4f9e-980e-2fb64f2b7aa6
2025-04-12 14:10:58 - INFO - Creating task for group 3 (Табачная продукция)
2025-04-12 14:10:58 - INFO - Created task: bb2cfdf9-8444-4d4c-a68b-1ed4e16cc7b6
2025-04-12 14:10:58 - INFO - Creating task for group 4 (Духи и туалетная вода)
2025-04-12 14:10:59 - INFO - Created task: 39e491a0-cbdb-41db-b7f2-cb20310a3572
2025-04-12 14:10:59 - INFO - Creating task for group 5 (Шины и покрышки пневматические резиновые новые)
2025-04-12 14:11:00 - INFO - Created task: 035fb149-6de5-4e1a-b417-c14e7eba38d1
2025-04-12 14:11:00 - INFO - Creating task for group 8 (Молочная продукция)
2025-04-12 14:11:00 - INFO - Created task: e12fbb20-38fd-4bfb-a965-38b7005034cf
2025-04-12 14:11:00 - INFO - Creating task for group 13 (Упакованная вода)
2025-04-12 14:11:01 - INFO - Created task: d63b78e2-7fca-4d78-b347-1ad53573972e
2025-04-12 14:11:01 - INFO - Creating task for group 15 (Пиво, напитки, изготавливаемые на основе пива, слабоалкогольные напитки)
2025-04-12 14:11:02 - INFO - Created task: fab8d495-f099-4067-b24e-1c18bb25e392
2025-04-12 14:11:02 - INFO - Creating task for group 17 (Биологически активные добавки к пище)
2025-04-12 14:11:02 - INFO - Created task: 7a10b523-d9d7-411a-8264-e96179fd4c63
2025-04-12 14:11:02 - INFO - Creating task for group 23 (Соковая продукция и безалкогольные напитки)
2025-04-12 14:11:03 - INFO - Created task: d37baf6d-56dc-4474-9da4-d4e2af9f9cab
2025-04-12 14:11:03 - INFO - Saved 10 tasks to output\Хуторская Татьяна - тс124\pending_tasks.txt
2025-04-12 14:11:23 - INFO - Creating tasks for certificate: Хуторская Татьяна - тс3
2025-04-12 14:11:23 - INFO - Using date range: 2025-04-11 to 2025-04-11 (yesterday's data)
2025-04-12 14:11:23 - INFO - Creating task for group 1 (Предметы одежды, бельё постельное, столовое, туалетное и кухонное)
2025-04-12 14:11:24 - INFO - Created task: 37686288-b76d-4f5a-9438-52bf808f73ed
2025-04-12 14:11:24 - INFO - Creating task for group 2 (Обувные товары)
2025-04-12 14:11:24 - INFO - Created task: 74a455d5-bfee-4c29-b441-5ebdbe446d0e
2025-04-12 14:11:24 - INFO - Creating task for group 3 (Табачная продукция)
2025-04-12 14:11:25 - INFO - Created task: bfa3a646-e42d-4acc-a925-3fa1a4117634
2025-04-12 14:11:25 - INFO - Creating task for group 4 (Духи и туалетная вода)
2025-04-12 14:11:26 - INFO - Created task: 5539d50b-9f2d-495f-b049-8cd02e09cba4
2025-04-12 14:11:26 - INFO - Creating task for group 5 (Шины и покрышки пневматические резиновые новые)
2025-04-12 14:11:26 - INFO - Created task: f7be31b2-0387-4e96-a83c-7be13345dbf5
2025-04-12 14:11:26 - INFO - Creating task for group 8 (Молочная продукция)
2025-04-12 14:11:27 - INFO - Created task: 1d208d3e-1c22-4126-92ea-3505f4488504
2025-04-12 14:11:27 - INFO - Creating task for group 13 (Упакованная вода)
2025-04-12 14:11:28 - INFO - Created task: a41e6bcf-a8d1-473f-9c88-f8ab6e649ef6
2025-04-12 14:11:28 - INFO - Creating task for group 15 (Пиво, напитки, изготавливаемые на основе пива, слабоалкогольные напитки)
2025-04-12 14:11:28 - INFO - Created task: 102a1992-6e59-403a-9590-14e04c0b712e
2025-04-12 14:11:28 - INFO - Creating task for group 17 (Биологически активные добавки к пище)
2025-04-12 14:11:29 - INFO - Created task: 1d4953ae-c703-4c1b-856e-b0ccaff1aa3c
2025-04-12 14:11:29 - INFO - Creating task for group 23 (Соковая продукция и безалкогольные напитки)
2025-04-12 14:11:30 - INFO - Created task: 3fb7b2d8-1404-47ab-b0e1-1a94fc8461ca
2025-04-12 14:11:30 - INFO - Saved 10 tasks to output\Хуторская Татьяна - тс3\pending_tasks.txt
2025-04-12 14:12:10 - INFO - Creating tasks for certificate: Хуторская Татьяна - тс5
2025-04-12 14:12:10 - INFO - Using date range: 2025-04-11 to 2025-04-11 (yesterday's data)
2025-04-12 14:12:10 - INFO - Creating task for group 1 (Предметы одежды, бельё постельное, столовое, туалетное и кухонное)
2025-04-12 14:12:11 - INFO - Created task: a54d1a85-2897-4626-9a8e-0f5e247b1cf1
2025-04-12 14:12:11 - INFO - Creating task for group 2 (Обувные товары)
2025-04-12 14:12:12 - INFO - Created task: 259236c6-f339-4b6e-bca7-45ffa670a87a
2025-04-12 14:12:12 - INFO - Creating task for group 3 (Табачная продукция)
2025-04-12 14:12:12 - INFO - Created task: c77e6920-bac0-4ce1-ac6e-863c20649faf
2025-04-12 14:12:12 - INFO - Creating task for group 4 (Духи и туалетная вода)
2025-04-12 14:12:13 - INFO - Created task: c185beda-fde9-4b71-94fa-fad1b13ce106
2025-04-12 14:12:13 - INFO - Creating task for group 5 (Шины и покрышки пневматические резиновые новые)
2025-04-12 14:12:14 - INFO - Created task: 39be2622-2e08-4969-a626-5beff6baceda
2025-04-12 14:12:14 - INFO - Creating task for group 8 (Молочная продукция)
2025-04-12 14:12:14 - INFO - Created task: 1c26d7ad-34a2-4f95-af61-9fd5c8f99b68
2025-04-12 14:12:14 - INFO - Creating task for group 13 (Упакованная вода)
2025-04-12 14:12:15 - INFO - Created task: 3a999865-d335-4de3-9daf-7ce6d337da6f
2025-04-12 14:12:15 - INFO - Creating task for group 15 (Пиво, напитки, изготавливаемые на основе пива, слабоалкогольные напитки)
2025-04-12 14:12:16 - INFO - Created task: 0f6488ca-3c9c-407e-aed1-10e313a6765a
2025-04-12 14:12:16 - INFO - Creating task for group 17 (Биологически активные добавки к пище)
2025-04-12 14:12:16 - INFO - Created task: a9e5d408-ed2d-4553-9ca3-24fd704e3426
2025-04-12 14:12:16 - INFO - Creating task for group 23 (Соковая продукция и безалкогольные напитки)
2025-04-12 14:12:17 - INFO - Created task: bc13c006-037f-4a5b-8cbb-4bdf0e42295f
2025-04-12 14:12:17 - INFO - Saved 10 tasks to output\Хуторская Татьяна - тс5\pending_tasks.txt
2025-04-12 14:12:57 - INFO - Creating tasks for certificate: Лежнева Евгения - тс54
2025-04-12 14:12:57 - INFO - Using date range: 2025-04-11 to 2025-04-11 (yesterday's data)
2025-04-12 14:12:57 - INFO - Creating task for group 1 (Предметы одежды, бельё постельное, столовое, туалетное и кухонное)
2025-04-12 14:12:58 - INFO - Created task: bd27a1dd-5c02-4f38-827b-114d590236d0
2025-04-12 14:12:58 - INFO - Creating task for group 2 (Обувные товары)
2025-04-12 14:12:59 - INFO - Created task: af5cc788-0510-4b06-8928-feabe624042b
2025-04-12 14:12:59 - INFO - Creating task for group 3 (Табачная продукция)
2025-04-12 14:12:59 - INFO - Created task: b3b33a95-b3a6-4f64-b68b-4692681a60a5
2025-04-12 14:12:59 - INFO - Creating task for group 4 (Духи и туалетная вода)
2025-04-12 14:13:00 - INFO - Created task: bdff5d04-b610-4fd3-8a5e-2de894592958
2025-04-12 14:13:00 - INFO - Creating task for group 5 (Шины и покрышки пневматические резиновые новые)
2025-04-12 14:13:01 - INFO - Created task: b2bfb6ad-0a5d-4146-9abd-ab4c31107740
2025-04-12 14:13:01 - INFO - Creating task for group 8 (Молочная продукция)
2025-04-12 14:13:01 - INFO - Created task: a6565573-9dfd-4761-80c5-4a6634cc3f35
2025-04-12 14:13:01 - INFO - Creating task for group 13 (Упакованная вода)
2025-04-12 14:13:02 - INFO - Created task: 763b8d9e-a4d4-46a2-9b7c-369fa9ecc9d7
2025-04-12 14:13:02 - INFO - Creating task for group 15 (Пиво, напитки, изготавливаемые на основе пива, слабоалкогольные напитки)
2025-04-12 14:13:03 - INFO - Created task: b4b4c1ba-1a21-42c6-bdb9-dc21483e848c
2025-04-12 14:13:03 - INFO - Creating task for group 17 (Биологически активные добавки к пище)
2025-04-12 14:13:03 - INFO - Created task: 3c48c0af-e074-41a3-9ce8-66aeb9e80d50
2025-04-12 14:13:03 - INFO - Creating task for group 23 (Соковая продукция и безалкогольные напитки)
2025-04-12 14:13:04 - INFO - Created task: d079a128-6e85-4075-bd34-19ca73e4e498
2025-04-12 14:13:04 - INFO - Saved 10 tasks to output\Лежнева Евгения - тс54\pending_tasks.txt
2025-04-12 14:13:23 - INFO - Creating tasks for certificate: Лежнева Евгения - тс55
2025-04-12 14:13:23 - INFO - Using date range: 2025-04-11 to 2025-04-11 (yesterday's data)
2025-04-12 14:13:23 - INFO - Creating task for group 1 (Предметы одежды, бельё постельное, столовое, туалетное и кухонное)
2025-04-12 14:13:24 - INFO - Created task: 74784e67-5eef-4b84-a538-437e267e160c
2025-04-12 14:13:24 - INFO - Creating task for group 2 (Обувные товары)
2025-04-12 14:13:25 - INFO - Created task: 6b082d5f-5e81-4c05-ab72-3d9cc80be5d9
2025-04-12 14:13:25 - INFO - Creating task for group 3 (Табачная продукция)
2025-04-12 14:13:25 - INFO - Created task: 358d6623-32e0-438b-9f76-2408ef7252c7
2025-04-12 14:13:25 - INFO - Creating task for group 4 (Духи и туалетная вода)
2025-04-12 14:13:26 - INFO - Created task: c7c0d8dc-729b-4fda-8982-38e42afcd92a
2025-04-12 14:13:26 - INFO - Creating task for group 5 (Шины и покрышки пневматические резиновые новые)
2025-04-12 14:13:27 - INFO - Created task: 2ef98359-f5ee-46ef-9d87-979185bce1f0
2025-04-12 14:13:27 - INFO - Creating task for group 8 (Молочная продукция)
2025-04-12 14:13:27 - INFO - Created task: 5afcede2-d12b-48ae-91fb-9088b669a87b
2025-04-12 14:13:27 - INFO - Creating task for group 13 (Упакованная вода)
2025-04-12 14:13:28 - INFO - Created task: a53bc884-f9ad-4375-8496-973cbd68999e
2025-04-12 14:13:28 - INFO - Creating task for group 15 (Пиво, напитки, изготавливаемые на основе пива, слабоалкогольные напитки)
2025-04-12 14:13:29 - INFO - Created task: 84cdd276-8b8b-42bd-bcf1-a02529655e4e
2025-04-12 14:13:29 - INFO - Creating task for group 17 (Биологически активные добавки к пище)
2025-04-12 14:13:30 - INFO - Created task: 2b10f295-308f-4a22-976c-229f8810ef50
2025-04-12 14:13:30 - INFO - Creating task for group 23 (Соковая продукция и безалкогольные напитки)
2025-04-12 14:13:30 - INFO - Created task: 3f0c6403-c026-409d-839f-b0e3698becee
2025-04-12 14:13:30 - INFO - Saved 10 tasks to output\Лежнева Евгения - тс55\pending_tasks.txt
2025-04-12 14:14:11 - INFO - Creating tasks for certificate: Лежнева Евгения - тс142
2025-04-12 14:14:11 - INFO - Using date range: 2025-04-11 to 2025-04-11 (yesterday's data)
2025-04-12 14:14:11 - INFO - Creating task for group 1 (Предметы одежды, бельё постельное, столовое, туалетное и кухонное)
2025-04-12 14:14:12 - INFO - Created task: 6915046a-1c65-4a44-a2e4-07cdbd9ac436
2025-04-12 14:14:12 - INFO - Creating task for group 2 (Обувные товары)
2025-04-12 14:14:12 - INFO - Created task: 3fdbd0c3-e568-4190-8d93-f9ef4a343388
2025-04-12 14:14:12 - INFO - Creating task for group 3 (Табачная продукция)
2025-04-12 14:14:13 - INFO - Created task: a72eeadc-95c4-40a0-90b6-82a57153ef1f
2025-04-12 14:14:13 - INFO - Creating task for group 4 (Духи и туалетная вода)
2025-04-12 14:14:13 - INFO - Created task: 7fcbe964-160e-4d14-ac93-4c5a389a794f
2025-04-12 14:14:13 - INFO - Creating task for group 5 (Шины и покрышки пневматические резиновые новые)
2025-04-12 14:14:14 - INFO - Created task: 8cd6b337-657f-4077-8d91-203106abfc1a
2025-04-12 14:14:14 - INFO - Creating task for group 8 (Молочная продукция)
2025-04-12 14:14:15 - INFO - Created task: e7df9e34-9a0d-4291-ac1d-dee267973936
2025-04-12 14:14:15 - INFO - Creating task for group 13 (Упакованная вода)
2025-04-12 14:14:15 - INFO - Created task: b5093ab6-4b06-4d49-ac6c-75e696af4a06
2025-04-12 14:14:15 - INFO - Creating task for group 15 (Пиво, напитки, изготавливаемые на основе пива, слабоалкогольные напитки)
2025-04-12 14:14:16 - INFO - Created task: c52dfa52-20a3-48d9-95e7-126aca9fe496
2025-04-12 14:14:16 - INFO - Creating task for group 17 (Биологически активные добавки к пище)
2025-04-12 14:14:17 - INFO - Created task: ba1d7168-74e3-48c0-98f7-4c602d48c815
2025-04-12 14:14:17 - INFO - Creating task for group 23 (Соковая продукция и безалкогольные напитки)
2025-04-12 14:14:17 - INFO - Created task: 7e54ed3b-bcef-4c4a-bd0e-0ccc2a3745fe
2025-04-12 14:14:17 - INFO - Saved 10 tasks to output\Лежнева Евгения - тс142\pending_tasks.txt
2025-04-12 15:02:23 - INFO - Creating tasks for certificate: Омелина Татьяна - тс28
2025-04-12 15:02:23 - INFO - Using date range: 2025-04-11 to 2025-04-11 (yesterday's data)
2025-04-12 15:02:23 - INFO - Creating task for group 1 (Предметы одежды, бельё постельное, столовое, туалетное и кухонное)
2025-04-12 15:02:23 - INFO - Created task: 166e3aab-beba-4a42-8ffe-b7def43b9afa
2025-04-12 15:02:23 - INFO - Creating task for group 2 (Обувные товары)
2025-04-12 15:02:24 - INFO - Created task: d2368e3e-4724-48dd-9ff7-029089297b66
2025-04-12 15:02:24 - INFO - Creating task for group 3 (Табачная продукция)
2025-04-12 15:02:25 - INFO - Created task: 9b1d27d0-6c97-4950-a03f-5cfb41d29ffb
2025-04-12 15:02:25 - INFO - Creating task for group 4 (Духи и туалетная вода)
2025-04-12 15:02:25 - INFO - Created task: 7fdba8b8-ea49-449f-a44f-9c4079fc92a2
2025-04-12 15:02:25 - INFO - Creating task for group 5 (Шины и покрышки пневматические резиновые новые)
2025-04-12 15:02:26 - INFO - Created task: efee3a02-41ff-44ce-8f40-71e4f6f366b5
2025-04-12 15:02:26 - INFO - Creating task for group 8 (Молочная продукция)
2025-04-12 15:02:27 - INFO - Created task: 9f445683-e558-4499-a0e2-a9193e5c6d01
2025-04-12 15:02:27 - INFO - Creating task for group 13 (Упакованная вода)
2025-04-12 15:02:27 - INFO - Created task: de850790-61fa-471b-8d81-e442ca849e49
2025-04-12 15:02:27 - INFO - Creating task for group 15 (Пиво, напитки, изготавливаемые на основе пива, слабоалкогольные напитки)
2025-04-12 15:02:28 - INFO - Created task: b20812e8-5e30-4d37-bea7-38d53171f87f
2025-04-12 15:02:28 - INFO - Creating task for group 17 (Биологически активные добавки к пище)
2025-04-12 15:02:29 - INFO - Created task: f05d8123-9586-4843-a9cf-e3495e496c4a
2025-04-12 15:02:29 - INFO - Creating task for group 23 (Соковая продукция и безалкогольные напитки)
2025-04-12 15:02:29 - INFO - Created task: 2bcd7fce-5af1-4159-995a-5792a6e31558
2025-04-12 15:02:29 - INFO - Saved 10 tasks to output\Омелина Татьяна - тс28\pending_tasks.txt
2025-04-12 15:02:49 - INFO - Creating tasks for certificate: Хуторская Татьяна - тс324
2025-04-12 15:02:49 - INFO - Using date range: 2025-04-11 to 2025-04-11 (yesterday's data)
2025-04-12 15:02:49 - INFO - Creating task for group 1 (Предметы одежды, бельё постельное, столовое, туалетное и кухонное)
2025-04-12 15:02:50 - INFO - Created task: 8ff8085d-13c5-4ce0-bc7b-4d6b97954dd9
2025-04-12 15:02:50 - INFO - Creating task for group 2 (Обувные товары)
2025-04-12 15:02:51 - INFO - Created task: 859cd724-b08a-4116-8751-e73b3de8099c
2025-04-12 15:02:51 - INFO - Creating task for group 3 (Табачная продукция)
2025-04-12 15:02:51 - INFO - Created task: 63094ab3-bf76-4697-b468-3c5c0d093b2c
2025-04-12 15:02:51 - INFO - Creating task for group 4 (Духи и туалетная вода)
2025-04-12 15:02:52 - INFO - Created task: a1caf250-9027-4268-8c34-762a7d1f5f4d
2025-04-12 15:02:52 - INFO - Creating task for group 5 (Шины и покрышки пневматические резиновые новые)
2025-04-12 15:02:52 - INFO - Created task: 6b90d98d-f8e2-42bb-ad5e-9d3d0bda65f6
2025-04-12 15:02:52 - INFO - Creating task for group 8 (Молочная продукция)
2025-04-12 15:02:53 - INFO - Created task: ac769c5d-6b83-441b-8cf0-e81da1914478
2025-04-12 15:02:53 - INFO - Creating task for group 13 (Упакованная вода)
2025-04-12 15:02:54 - INFO - Created task: 0d0e926b-d23c-47ca-8fb9-7cb8ce5d71a5
2025-04-12 15:02:54 - INFO - Creating task for group 15 (Пиво, напитки, изготавливаемые на основе пива, слабоалкогольные напитки)
2025-04-12 15:02:54 - INFO - Created task: 07f7cf78-8346-4a0d-90fa-85d4598b383e
2025-04-12 15:02:54 - INFO - Creating task for group 17 (Биологически активные добавки к пище)
2025-04-12 15:02:55 - INFO - Created task: 73755920-e0d5-4ea3-b7e2-338a7dfceb9e
2025-04-12 15:02:55 - INFO - Creating task for group 23 (Соковая продукция и безалкогольные напитки)
2025-04-12 15:02:56 - INFO - Created task: e78e1ebe-b95a-4def-91e4-21415a1c870a
2025-04-12 15:02:56 - INFO - Saved 10 tasks to output\Хуторская Татьяна - тс324\pending_tasks.txt
2025-04-12 15:03:36 - INFO - Creating tasks for certificate: Хуторская Татьяна - тс124
2025-04-12 15:03:36 - INFO - Using date range: 2025-04-11 to 2025-04-11 (yesterday's data)
2025-04-12 15:03:36 - INFO - Creating task for group 1 (Предметы одежды, бельё постельное, столовое, туалетное и кухонное)
2025-04-12 15:03:37 - INFO - Created task: cafc5b16-7f70-48ae-9cef-5e6c5238c24f
2025-04-12 15:03:37 - INFO - Creating task for group 2 (Обувные товары)
2025-04-12 15:03:37 - INFO - Created task: 53510d8f-6471-4989-bd57-0efb028a7d42
2025-04-12 15:03:37 - INFO - Creating task for group 3 (Табачная продукция)
2025-04-12 15:03:38 - INFO - Created task: 13341dcf-01de-4d5a-b01f-2804344696a0
2025-04-12 15:03:38 - INFO - Creating task for group 4 (Духи и туалетная вода)
2025-04-12 15:03:39 - INFO - Created task: a78d2126-b05e-4ff8-bd80-4f904fe5dda5
2025-04-12 15:03:39 - INFO - Creating task for group 5 (Шины и покрышки пневматические резиновые новые)
2025-04-12 15:03:39 - INFO - Created task: 825c0873-ed04-4195-af4d-15f164af442b
2025-04-12 15:03:39 - INFO - Creating task for group 8 (Молочная продукция)
2025-04-12 15:03:40 - INFO - Created task: 95b950e1-7ee0-4dc7-ad98-30491059779e
2025-04-12 15:03:40 - INFO - Creating task for group 13 (Упакованная вода)
2025-04-12 15:03:41 - INFO - Created task: 9f77d5bf-039d-4435-8bbf-7e36b4a1f9a1
2025-04-12 15:03:41 - INFO - Creating task for group 15 (Пиво, напитки, изготавливаемые на основе пива, слабоалкогольные напитки)
2025-04-12 15:03:41 - INFO - Created task: 31a81b70-351b-4e6d-bfd6-278eab670004
2025-04-12 15:03:41 - INFO - Creating task for group 17 (Биологически активные добавки к пище)
2025-04-12 15:03:42 - INFO - Created task: c97e3272-7e8d-49bd-ac65-3b5b13082222
2025-04-12 15:03:42 - INFO - Creating task for group 23 (Соковая продукция и безалкогольные напитки)
2025-04-12 15:03:43 - INFO - Created task: 2cef291c-fff3-4d9d-970c-1db8c9980b51
2025-04-12 15:03:43 - INFO - Saved 10 tasks to output\Хуторская Татьяна - тс124\pending_tasks.txt
2025-04-12 15:04:02 - INFO - Creating tasks for certificate: Хуторская Татьяна - тс3
2025-04-12 15:04:02 - INFO - Using date range: 2025-04-11 to 2025-04-11 (yesterday's data)
2025-04-12 15:04:02 - INFO - Creating task for group 1 (Предметы одежды, бельё постельное, столовое, туалетное и кухонное)
2025-04-12 15:04:03 - INFO - Created task: 5a41066e-9906-43bd-a605-ac66396220b9
2025-04-12 15:04:03 - INFO - Creating task for group 2 (Обувные товары)
2025-04-12 15:04:04 - INFO - Created task: 38cf7a64-1127-4d75-856a-6b2161f07656
2025-04-12 15:04:04 - INFO - Creating task for group 3 (Табачная продукция)
2025-04-12 15:04:04 - INFO - Created task: 199b2f41-b712-4b0f-8ee0-964f9c4146dd
2025-04-12 15:04:04 - INFO - Creating task for group 4 (Духи и туалетная вода)
2025-04-12 15:04:05 - INFO - Created task: 3ff5caaa-2927-46fe-8eff-dc6da842e602
2025-04-12 15:04:05 - INFO - Creating task for group 5 (Шины и покрышки пневматические резиновые новые)
2025-04-12 15:04:06 - INFO - Created task: b62a7c1b-0d0f-4b62-9531-f6a17210fd07
2025-04-12 15:04:06 - INFO - Creating task for group 8 (Молочная продукция)
2025-04-12 15:04:06 - INFO - Created task: bcdc072f-9ea5-4040-ae89-1eadc5240b7e
2025-04-12 15:04:06 - INFO - Creating task for group 13 (Упакованная вода)
2025-04-12 15:04:07 - INFO - Created task: d5451f89-024a-4fa9-8fad-c84e3b85f1a9
2025-04-12 15:04:07 - INFO - Creating task for group 15 (Пиво, напитки, изготавливаемые на основе пива, слабоалкогольные напитки)
2025-04-12 15:04:07 - INFO - Created task: a2e5cf98-f8db-489c-aa97-69600a6454d4
2025-04-12 15:04:07 - INFO - Creating task for group 17 (Биологически активные добавки к пище)
2025-04-12 15:04:08 - INFO - Created task: 3acb3fd1-5114-4ed7-9d25-1dea5a22b0dd
2025-04-12 15:04:08 - INFO - Creating task for group 23 (Соковая продукция и безалкогольные напитки)
2025-04-12 15:04:09 - INFO - Created task: bdc4e86f-f134-4135-95c1-d55816b97c9f
2025-04-12 15:04:09 - INFO - Saved 10 tasks to output\Хуторская Татьяна - тс3\pending_tasks.txt
2025-04-12 15:04:29 - INFO - Creating tasks for certificate: Хуторская Татьяна - тс5
2025-04-12 15:04:29 - INFO - Using date range: 2025-04-11 to 2025-04-11 (yesterday's data)
2025-04-12 15:04:29 - INFO - Creating task for group 1 (Предметы одежды, бельё постельное, столовое, туалетное и кухонное)
2025-04-12 15:04:30 - INFO - Created task: 5021342d-91bf-4975-89a6-44736887eb30
2025-04-12 15:04:30 - INFO - Creating task for group 2 (Обувные товары)
2025-04-12 15:04:30 - INFO - Created task: 82001ac9-49d8-4a08-95a9-1bbec531fd0d
2025-04-12 15:04:30 - INFO - Creating task for group 3 (Табачная продукция)
2025-04-12 15:04:31 - INFO - Created task: 122a0065-63c8-4e63-b8c6-93046467efd3
2025-04-12 15:04:31 - INFO - Creating task for group 4 (Духи и туалетная вода)
2025-04-12 15:04:32 - INFO - Created task: f3f5d5e3-54d4-488a-b42e-34ada63baa9c
2025-04-12 15:04:32 - INFO - Creating task for group 5 (Шины и покрышки пневматические резиновые новые)
2025-04-12 15:04:32 - INFO - Created task: 99636115-72af-4b99-a65d-56d2f6fd3280
2025-04-12 15:04:32 - INFO - Creating task for group 8 (Молочная продукция)
2025-04-12 15:04:33 - INFO - Created task: 6f14fd73-55db-4d09-aae3-a96f2ed404a0
2025-04-12 15:04:33 - INFO - Creating task for group 13 (Упакованная вода)
2025-04-12 15:04:34 - INFO - Created task: 74ef1ce8-3472-4b3c-a181-2ff45893f57e
2025-04-12 15:04:34 - INFO - Creating task for group 15 (Пиво, напитки, изготавливаемые на основе пива, слабоалкогольные напитки)
2025-04-12 15:04:34 - INFO - Created task: 74cdd1df-e515-4ef0-a3b7-3c1162df370c
2025-04-12 15:04:34 - INFO - Creating task for group 17 (Биологически активные добавки к пище)
2025-04-12 15:04:35 - INFO - Created task: 21f3a25c-785b-42ee-8a08-1249ae66706c
2025-04-12 15:04:35 - INFO - Creating task for group 23 (Соковая продукция и безалкогольные напитки)
2025-04-12 15:04:36 - INFO - Created task: 11979ee7-b085-44e4-9ac5-2fea1e93ff63
2025-04-12 15:04:36 - INFO - Saved 10 tasks to output\Хуторская Татьяна - тс5\pending_tasks.txt
2025-04-12 15:05:16 - INFO - Creating tasks for certificate: Лежнева Евгения - тс54
2025-04-12 15:05:16 - INFO - Using date range: 2025-04-11 to 2025-04-11 (yesterday's data)
2025-04-12 15:05:16 - INFO - Creating task for group 1 (Предметы одежды, бельё постельное, столовое, туалетное и кухонное)
2025-04-12 15:05:17 - INFO - Created task: 48ffaa4e-87e8-4382-b9cf-6fc1db5a4b40
2025-04-12 15:05:17 - INFO - Creating task for group 2 (Обувные товары)
2025-04-12 15:05:18 - INFO - Created task: bce353fe-b270-4893-ae0b-bd2251574bb3
2025-04-12 15:05:18 - INFO - Creating task for group 3 (Табачная продукция)
2025-04-12 15:05:18 - INFO - Created task: 6e1fe926-b1d1-4b61-9eca-67273a702de0
2025-04-12 15:05:18 - INFO - Creating task for group 4 (Духи и туалетная вода)
2025-04-12 15:05:19 - INFO - Created task: 26f1dbb8-9d80-44c6-8815-9134de445804
2025-04-12 15:05:19 - INFO - Creating task for group 5 (Шины и покрышки пневматические резиновые новые)
2025-04-12 15:05:20 - INFO - Created task: 3918cebc-472e-49db-8179-e906a6f9acb0
2025-04-12 15:05:20 - INFO - Creating task for group 8 (Молочная продукция)
2025-04-12 15:05:20 - INFO - Created task: 00667c83-35f2-4e0c-bc81-f362e6b2605b
2025-04-12 15:05:20 - INFO - Creating task for group 13 (Упакованная вода)
2025-04-12 15:05:21 - INFO - Created task: 7e49be13-af61-4eb7-928f-0868535b129e
2025-04-12 15:05:21 - INFO - Creating task for group 15 (Пиво, напитки, изготавливаемые на основе пива, слабоалкогольные напитки)
2025-04-12 15:05:22 - INFO - Created task: c0974753-c38c-4200-9f4d-fc8c19c5c598
2025-04-12 15:05:22 - INFO - Creating task for group 17 (Биологически активные добавки к пище)
2025-04-12 15:05:22 - INFO - Created task: 779d78ad-e495-49b5-95cd-03246dab430c
2025-04-12 15:05:22 - INFO - Creating task for group 23 (Соковая продукция и безалкогольные напитки)
2025-04-12 15:05:23 - INFO - Created task: e54190cb-e917-4e55-8829-6b3511b114a3
2025-04-12 15:05:23 - INFO - Saved 10 tasks to output\Лежнева Евгения - тс54\pending_tasks.txt
2025-04-12 15:05:43 - INFO - Creating tasks for certificate: Лежнева Евгения - тс55
2025-04-12 15:05:43 - INFO - Using date range: 2025-04-11 to 2025-04-11 (yesterday's data)
2025-04-12 15:05:43 - INFO - Creating task for group 1 (Предметы одежды, бельё постельное, столовое, туалетное и кухонное)
2025-04-12 15:05:43 - INFO - Created task: 6580f009-a7b2-4a86-9daf-918054b5ec2b
2025-04-12 15:05:43 - INFO - Creating task for group 2 (Обувные товары)
2025-04-12 15:05:44 - INFO - Created task: fefcf13c-a4e3-405d-8852-1ca70a2fa6d4
2025-04-12 15:05:44 - INFO - Creating task for group 3 (Табачная продукция)
2025-04-12 15:05:45 - INFO - Created task: 645bf470-0eaf-4e68-bb10-6e66a80e870e
2025-04-12 15:05:45 - INFO - Creating task for group 4 (Духи и туалетная вода)
2025-04-12 15:05:45 - INFO - Created task: 7cae57c2-77f0-48c6-90a0-e71b8d261678
2025-04-12 15:05:45 - INFO - Creating task for group 5 (Шины и покрышки пневматические резиновые новые)
2025-04-12 15:05:46 - INFO - Created task: 7f207680-d08b-49f2-9676-e25be2b52fba
2025-04-12 15:05:46 - INFO - Creating task for group 8 (Молочная продукция)
2025-04-12 15:05:47 - INFO - Created task: 1bf5a97a-1cc0-42ea-bf75-98f62e84606a
2025-04-12 15:05:47 - INFO - Creating task for group 13 (Упакованная вода)
2025-04-12 15:05:48 - INFO - Created task: 96e55b0c-2ec2-4a97-935f-a0a2ff6f32ce
2025-04-12 15:05:48 - INFO - Creating task for group 15 (Пиво, напитки, изготавливаемые на основе пива, слабоалкогольные напитки)
2025-04-12 15:05:48 - INFO - Created task: 29df3d14-c441-407f-962b-5eddc12daf82
2025-04-12 15:05:48 - INFO - Creating task for group 17 (Биологически активные добавки к пище)
2025-04-12 15:05:49 - INFO - Created task: b2c70035-0475-4036-b0d8-4148f68cfe61
2025-04-12 15:05:49 - INFO - Creating task for group 23 (Соковая продукция и безалкогольные напитки)
2025-04-12 15:05:49 - INFO - Created task: 42f9afee-7535-4672-932b-98ab9fa2ef3c
2025-04-12 15:05:49 - INFO - Saved 10 tasks to output\Лежнева Евгения - тс55\pending_tasks.txt
2025-04-12 15:06:09 - INFO - Creating tasks for certificate: Лежнева Евгения - тс142
2025-04-12 15:06:09 - INFO - Using date range: 2025-04-11 to 2025-04-11 (yesterday's data)
2025-04-12 15:06:09 - INFO - Creating task for group 1 (Предметы одежды, бельё постельное, столовое, туалетное и кухонное)
2025-04-12 15:06:10 - INFO - Created task: 5ddafb7d-68ec-4438-9b40-b2bd4c78b0d9
2025-04-12 15:06:10 - INFO - Creating task for group 2 (Обувные товары)
2025-04-12 15:06:11 - INFO - Created task: 85b6faf2-d8e4-4bcc-a780-1dac0a29060d
2025-04-12 15:06:11 - INFO - Creating task for group 3 (Табачная продукция)
2025-04-12 15:06:12 - INFO - Created task: 116e8935-36ac-4076-96b9-c5f8bb550178
2025-04-12 15:06:12 - INFO - Creating task for group 4 (Духи и туалетная вода)
2025-04-12 15:06:12 - INFO - Created task: d0662aad-52c0-4c97-bca4-39eaa059bf8f
2025-04-12 15:06:12 - INFO - Creating task for group 5 (Шины и покрышки пневматические резиновые новые)
2025-04-12 15:06:13 - INFO - Created task: 4d01d2b0-d857-4f8f-9823-7cc2fc328312
2025-04-12 15:06:13 - INFO - Creating task for group 8 (Молочная продукция)
2025-04-12 15:06:14 - INFO - Created task: 632e530e-2012-4d34-9cf6-55d3808a2bbf
2025-04-12 15:06:14 - INFO - Creating task for group 13 (Упакованная вода)
2025-04-12 15:06:14 - INFO - Created task: ef7981b3-6d05-4d26-8d67-de25371853db
2025-04-12 15:06:14 - INFO - Creating task for group 15 (Пиво, напитки, изготавливаемые на основе пива, слабоалкогольные напитки)
2025-04-12 15:06:15 - INFO - Created task: 21035f4d-540d-40de-bc1c-f9482efc0046
2025-04-12 15:06:15 - INFO - Creating task for group 17 (Биологически активные добавки к пище)
2025-04-12 15:06:16 - INFO - Created task: 5a17e819-711b-4f9f-a3de-a533d811d5f2
2025-04-12 15:06:16 - INFO - Creating task for group 23 (Соковая продукция и безалкогольные напитки)
2025-04-12 15:06:16 - INFO - Created task: d7a7c3f2-9801-44b4-b97a-d2ee5ffbf1be
2025-04-12 15:06:16 - INFO - Saved 10 tasks to output\Лежнева Евгения - тс142\pending_tasks.txt
2025-04-12 15:10:31 - INFO - Creating tasks for certificate: Омелина Татьяна - тс28
2025-04-12 15:10:31 - INFO - Using date range: 2025-04-11 to 2025-04-11 (yesterday's data)
2025-04-12 15:10:31 - INFO - Creating task for group 1 (Предметы одежды, бельё постельное, столовое, туалетное и кухонное)
2025-04-12 15:10:32 - INFO - Created task: 1da2aa44-f0cb-456c-9c06-3f42be89e72f
2025-04-12 15:10:32 - INFO - Creating task for group 2 (Обувные товары)
2025-04-12 15:10:32 - INFO - Created task: 6657cdab-5365-41ec-9c60-48c9df023fd2
2025-04-12 15:10:32 - INFO - Creating task for group 3 (Табачная продукция)
2025-04-12 15:10:33 - INFO - Created task: c5921b00-2e05-4f79-87f2-6f84a9f97258
2025-04-12 15:10:33 - INFO - Creating task for group 4 (Духи и туалетная вода)
2025-04-12 15:10:34 - INFO - Created task: 706cb66d-1a32-4d05-8ac2-4668db5a6036
2025-04-12 15:10:34 - INFO - Creating task for group 5 (Шины и покрышки пневматические резиновые новые)
2025-04-12 15:10:34 - INFO - Created task: 204c9ee1-e49a-4955-b573-bd8728b685f7
2025-04-12 15:10:34 - INFO - Creating task for group 8 (Молочная продукция)
2025-04-12 15:10:35 - INFO - Created task: ad148e00-5424-4cfd-b58a-00e7cc35481f
2025-04-12 15:10:35 - INFO - Creating task for group 13 (Упакованная вода)
2025-04-12 15:10:36 - INFO - Created task: a98f9d7c-566b-45e4-995e-2b254c5494ad
2025-04-12 15:10:36 - INFO - Creating task for group 15 (Пиво, напитки, изготавливаемые на основе пива, слабоалкогольные напитки)
2025-04-12 15:10:36 - INFO - Created task: c4ef8be9-95cb-4bae-b7c5-e79727f3c9cc
2025-04-12 15:10:36 - INFO - Creating task for group 17 (Биологически активные добавки к пище)
2025-04-12 15:10:37 - INFO - Created task: c33a120e-95c9-495c-9595-b67fddd45cc3
2025-04-12 15:10:37 - INFO - Creating task for group 23 (Соковая продукция и безалкогольные напитки)
2025-04-12 15:10:38 - INFO - Created task: 5959b131-8faf-4aaf-82ab-7f4e7dc3ca1b
2025-04-12 15:10:38 - INFO - Saved 10 tasks to output\Омелина Татьяна - тс28\pending_tasks.txt
2025-04-12 15:11:23 - INFO - Creating tasks for certificate: Хуторская Татьяна - тс324
2025-04-12 15:11:23 - INFO - Using date range: 2025-04-11 to 2025-04-11 (yesterday's data)
2025-04-12 15:11:23 - INFO - Creating task for group 1 (Предметы одежды, бельё постельное, столовое, туалетное и кухонное)
2025-04-12 15:11:24 - INFO - Created task: db3fab23-d512-41f9-a0a7-5a9fa6ea1638
2025-04-12 15:11:24 - INFO - Creating task for group 2 (Обувные товары)
2025-04-12 15:11:24 - INFO - Created task: e051a638-84cf-4eda-a131-09070b58da1b
2025-04-12 15:11:24 - INFO - Creating task for group 3 (Табачная продукция)
2025-04-12 15:11:25 - INFO - Created task: b464a724-a065-4b80-975b-068a9c34f91d
2025-04-12 15:11:25 - INFO - Creating task for group 4 (Духи и туалетная вода)
2025-04-12 15:11:26 - INFO - Created task: 34dc134c-59a3-4782-9adf-c8686df4a9e0
2025-04-12 15:11:26 - INFO - Creating task for group 5 (Шины и покрышки пневматические резиновые новые)
2025-04-12 15:11:26 - INFO - Created task: 4c1cf6d7-8167-4c08-aed5-e0af60e61d2d
2025-04-12 15:11:26 - INFO - Creating task for group 8 (Молочная продукция)
2025-04-12 15:11:27 - INFO - Created task: 4ce01890-3898-47f1-b966-561a7d6d7ab2
2025-04-12 15:11:27 - INFO - Creating task for group 13 (Упакованная вода)
2025-04-12 15:11:28 - INFO - Created task: e1d2fa5c-0b54-4fc8-a8e4-50f97238e367
2025-04-12 15:11:28 - INFO - Creating task for group 15 (Пиво, напитки, изготавливаемые на основе пива, слабоалкогольные напитки)
2025-04-12 15:11:28 - INFO - Created task: f8c19edd-28e6-4a48-a8af-d45a0b1a7a90
2025-04-12 15:11:28 - INFO - Creating task for group 17 (Биологически активные добавки к пище)
2025-04-12 15:11:29 - INFO - Created task: 3f7b92d6-c0f7-4ac3-ad8e-f25700ab3045
2025-04-12 15:11:29 - INFO - Creating task for group 23 (Соковая продукция и безалкогольные напитки)
2025-04-12 15:11:30 - INFO - Created task: 6cde0ed9-47bc-474a-b2da-00f652cd1b2a
2025-04-12 15:11:30 - INFO - Saved 10 tasks to output\Хуторская Татьяна - тс324\pending_tasks.txt
2025-04-12 15:11:49 - INFO - Creating tasks for certificate: Хуторская Татьяна - тс124
2025-04-12 15:11:49 - INFO - Using date range: 2025-04-11 to 2025-04-11 (yesterday's data)
2025-04-12 15:11:49 - INFO - Creating task for group 1 (Предметы одежды, бельё постельное, столовое, туалетное и кухонное)
2025-04-12 15:11:50 - INFO - Created task: 04e9ed0c-8d23-443e-ad33-33cb15cd5e44
2025-04-12 15:11:50 - INFO - Creating task for group 2 (Обувные товары)
2025-04-12 15:11:51 - INFO - Created task: 23d0c95c-0814-49d5-b2e6-1a949632f266
2025-04-12 15:11:51 - INFO - Creating task for group 3 (Табачная продукция)
2025-04-12 15:11:51 - INFO - Created task: 92de171a-c92e-43e9-870b-daae39c1afc7
2025-04-12 15:11:51 - INFO - Creating task for group 4 (Духи и туалетная вода)
2025-04-12 15:11:52 - INFO - Created task: b69851d1-2174-43b6-b86d-0ddfdc9e28ef
2025-04-12 15:11:52 - INFO - Creating task for group 5 (Шины и покрышки пневматические резиновые новые)
2025-04-12 15:11:53 - INFO - Created task: 5ec19f9d-42d1-4481-82a7-59dc5de860fb
2025-04-12 15:11:53 - INFO - Creating task for group 8 (Молочная продукция)
2025-04-12 15:11:53 - INFO - Created task: b14f90e5-12e5-4c39-8d98-00e0d328d88a
2025-04-12 15:11:53 - INFO - Creating task for group 13 (Упакованная вода)
2025-04-12 15:11:54 - INFO - Created task: eaa7e1a5-31a8-4116-9bfe-2ec455e868cd
2025-04-12 15:11:54 - INFO - Creating task for group 15 (Пиво, напитки, изготавливаемые на основе пива, слабоалкогольные напитки)
2025-04-12 15:11:55 - INFO - Created task: 86e0748b-1f92-4340-9097-34c4ca937bb6
2025-04-12 15:11:55 - INFO - Creating task for group 17 (Биологически активные добавки к пище)
2025-04-12 15:11:55 - INFO - Created task: 1511f38c-3fed-4790-b72c-5f5bd880e084
2025-04-12 15:11:55 - INFO - Creating task for group 23 (Соковая продукция и безалкогольные напитки)
2025-04-12 15:11:56 - INFO - Created task: 9f7aa933-9b4e-4b2e-98bc-cefa311060b6
2025-04-12 15:11:56 - INFO - Saved 10 tasks to output\Хуторская Татьяна - тс124\pending_tasks.txt
2025-04-12 15:12:36 - INFO - Creating tasks for certificate: Хуторская Татьяна - тс3
2025-04-12 15:12:36 - INFO - Using date range: 2025-04-11 to 2025-04-11 (yesterday's data)
2025-04-12 15:12:36 - INFO - Creating task for group 1 (Предметы одежды, бельё постельное, столовое, туалетное и кухонное)
2025-04-12 15:12:37 - INFO - Created task: 1c373d30-86ed-4748-91e7-e239b444b362
2025-04-12 15:12:37 - INFO - Creating task for group 2 (Обувные товары)
2025-04-12 15:12:38 - INFO - Created task: 393ac793-023b-4b9c-947e-cf46c23e3fed
2025-04-12 15:12:38 - INFO - Creating task for group 3 (Табачная продукция)
2025-04-12 15:12:38 - INFO - Created task: 43eb7101-5e3b-447e-944f-72a2ac0e09f0
2025-04-12 15:12:38 - INFO - Creating task for group 4 (Духи и туалетная вода)
2025-04-12 15:12:39 - INFO - Created task: ca6ca4d5-ae61-4514-b41c-8ec22913527c
2025-04-12 15:12:39 - INFO - Creating task for group 5 (Шины и покрышки пневматические резиновые новые)
2025-04-12 15:12:40 - INFO - Created task: 1647b131-7f9a-4c57-b80d-bc6cb6bfa671
2025-04-12 15:12:40 - INFO - Creating task for group 8 (Молочная продукция)
2025-04-12 15:12:40 - INFO - Created task: 2fdc7f7d-eb46-43fb-81a7-013d417b33e1
2025-04-12 15:12:40 - INFO - Creating task for group 13 (Упакованная вода)
2025-04-12 15:12:41 - INFO - Created task: 2cb6f2da-4090-4cd3-ac67-074900be6d59
2025-04-12 15:12:41 - INFO - Creating task for group 15 (Пиво, напитки, изготавливаемые на основе пива, слабоалкогольные напитки)
2025-04-12 15:12:42 - INFO - Created task: 1be9d959-d47a-4ede-a156-adc28c14a66a
2025-04-12 15:12:42 - INFO - Creating task for group 17 (Биологически активные добавки к пище)
2025-04-12 15:12:42 - INFO - Created task: 107e46f0-7d28-433b-9d55-85ca5c17a31a
2025-04-12 15:12:42 - INFO - Creating task for group 23 (Соковая продукция и безалкогольные напитки)
2025-04-12 15:12:43 - INFO - Created task: ce82d10e-34c5-4b6b-ac0d-e936a5edb816
2025-04-12 15:12:43 - INFO - Saved 10 tasks to output\Хуторская Татьяна - тс3\pending_tasks.txt
2025-04-12 15:18:37 - INFO - Creating tasks for certificate: Омелина Татьяна - тс28
2025-04-12 15:18:37 - INFO - Using date range: 2025-04-11 to 2025-04-11 (yesterday's data)
2025-04-12 15:18:37 - INFO - Creating task for group 1 (Предметы одежды, бельё постельное, столовое, туалетное и кухонное)
2025-04-12 15:18:38 - INFO - Created task: 5c0f9e72-3c1d-412b-ab3f-4f9049ab4cd1
2025-04-12 15:18:38 - INFO - Creating task for group 2 (Обувные товары)
2025-04-12 15:18:39 - INFO - Created task: a51ec2eb-548a-4862-8dd3-21a65e80b813
2025-04-12 15:18:39 - INFO - Creating task for group 3 (Табачная продукция)
2025-04-12 15:18:39 - INFO - Created task: b01a2fdb-2ea9-4e05-846f-f5729d5eb5c4
2025-04-12 15:18:39 - INFO - Creating task for group 4 (Духи и туалетная вода)
2025-04-12 15:18:40 - INFO - Created task: d3fa694a-acf3-42dd-a9cd-a37974f82d6b
2025-04-12 15:18:40 - INFO - Creating task for group 5 (Шины и покрышки пневматические резиновые новые)
2025-04-12 15:18:41 - INFO - Created task: b520852c-469a-477f-97c9-dbd744c7848f
2025-04-12 15:18:41 - INFO - Creating task for group 8 (Молочная продукция)
2025-04-12 15:18:41 - INFO - Created task: bf00d970-ec1a-456f-ad58-3cd5e1f35137
2025-04-12 15:18:41 - INFO - Creating task for group 13 (Упакованная вода)
2025-04-12 15:18:42 - INFO - Created task: bd2f7135-75e1-499c-823c-f7f4e87fae42
2025-04-12 15:18:42 - INFO - Creating task for group 15 (Пиво, напитки, изготавливаемые на основе пива, слабоалкогольные напитки)
2025-04-12 15:18:43 - INFO - Created task: 43aea005-60fe-4597-a5a4-72c5adccef1a
2025-04-12 15:18:43 - INFO - Creating task for group 17 (Биологически активные добавки к пище)
2025-04-12 15:18:43 - INFO - Created task: bdbf8e85-6915-46cb-8f86-27ec4e06e867
2025-04-12 15:18:43 - INFO - Creating task for group 23 (Соковая продукция и безалкогольные напитки)
2025-04-12 15:18:44 - INFO - Created task: b4028cfb-58fd-420e-8991-db0ce6f0bd51
2025-04-12 15:18:44 - INFO - Saved 10 tasks to output\Омелина Татьяна - тс28\pending_tasks.txt
2025-04-12 15:19:04 - INFO - Creating tasks for certificate: Хуторская Татьяна - тс324
2025-04-12 15:19:04 - INFO - Using date range: 2025-04-11 to 2025-04-11 (yesterday's data)
2025-04-12 15:19:04 - INFO - Creating task for group 1 (Предметы одежды, бельё постельное, столовое, туалетное и кухонное)
2025-04-12 15:19:04 - INFO - Created task: 4620d171-5569-484c-9caf-593c061a2f02
2025-04-12 15:19:04 - INFO - Creating task for group 2 (Обувные товары)
2025-04-12 15:19:05 - INFO - Created task: 3964e09e-1269-41af-8ba7-0c4ecd7a2fe4
2025-04-12 15:19:05 - INFO - Creating task for group 3 (Табачная продукция)
2025-04-12 15:19:06 - INFO - Created task: c313a368-372c-4a04-9104-49cae8253a89
2025-04-12 15:19:06 - INFO - Creating task for group 4 (Духи и туалетная вода)
2025-04-12 15:19:06 - INFO - Created task: 57bb0b82-977c-48a2-a4b9-2930d68618d7
2025-04-12 15:19:06 - INFO - Creating task for group 5 (Шины и покрышки пневматические резиновые новые)
2025-04-12 15:19:07 - INFO - Created task: cee27b0b-6ec4-4364-a620-b61f337a57d2
2025-04-12 15:19:07 - INFO - Creating task for group 8 (Молочная продукция)
2025-04-12 15:19:08 - INFO - Created task: e0029502-cdf9-42fb-b1a3-73d7ebe381b7
2025-04-12 15:19:08 - INFO - Creating task for group 13 (Упакованная вода)
2025-04-12 15:19:08 - INFO - Created task: 37d90b3a-c86c-493e-8499-80931cce9118
2025-04-12 15:19:08 - INFO - Creating task for group 15 (Пиво, напитки, изготавливаемые на основе пива, слабоалкогольные напитки)
2025-04-12 15:19:09 - INFO - Created task: 8e122c48-ec93-4b6c-9c01-702ef21baafd
2025-04-12 15:19:09 - INFO - Creating task for group 17 (Биологически активные добавки к пище)
2025-04-12 15:19:10 - INFO - Created task: 44118deb-9f17-473b-be77-dc9425733c46
2025-04-12 15:19:10 - INFO - Creating task for group 23 (Соковая продукция и безалкогольные напитки)
2025-04-12 15:19:10 - INFO - Created task: 1cfaaa6f-be82-427a-850b-23fa49c26419
2025-04-12 15:19:10 - INFO - Saved 10 tasks to output\Хуторская Татьяна - тс324\pending_tasks.txt
2025-04-12 15:19:51 - INFO - Creating tasks for certificate: Хуторская Татьяна - тс124
2025-04-12 15:19:51 - INFO - Using date range: 2025-04-11 to 2025-04-11 (yesterday's data)
2025-04-12 15:19:51 - INFO - Creating task for group 1 (Предметы одежды, бельё постельное, столовое, туалетное и кухонное)
2025-04-12 15:19:51 - INFO - Created task: 1828e8d5-0160-4f17-a2a2-5baaabc8bf5a
2025-04-12 15:19:51 - INFO - Creating task for group 2 (Обувные товары)
2025-04-12 15:19:52 - INFO - Created task: ae091552-ec1c-47a6-a9f7-8e368719db59
2025-04-12 15:19:52 - INFO - Creating task for group 3 (Табачная продукция)
2025-04-12 15:19:53 - INFO - Created task: def6ea68-a2c0-4650-a3b9-061871cac859
2025-04-12 15:19:53 - INFO - Creating task for group 4 (Духи и туалетная вода)
2025-04-12 15:19:53 - INFO - Created task: 2de6e789-d654-42ef-8eb1-d495fd5b0a18
2025-04-12 15:19:53 - INFO - Creating task for group 5 (Шины и покрышки пневматические резиновые новые)
2025-04-12 15:19:54 - INFO - Created task: 7e6ce324-37c6-4903-a8c4-2ecd94ad3147
2025-04-12 15:19:54 - INFO - Creating task for group 8 (Молочная продукция)
2025-04-12 15:19:55 - INFO - Created task: f5018b36-c4cf-4a38-870a-2a095387804a
2025-04-12 15:19:55 - INFO - Creating task for group 13 (Упакованная вода)
2025-04-12 15:19:55 - INFO - Created task: 38c14ba0-2224-47a5-8fa3-e71e001339ee
2025-04-12 15:19:55 - INFO - Creating task for group 15 (Пиво, напитки, изготавливаемые на основе пива, слабоалкогольные напитки)
2025-04-12 15:19:56 - INFO - Created task: 2e79bc84-ffb7-4dc7-ab2d-38b2573cde29
2025-04-12 15:19:56 - INFO - Creating task for group 17 (Биологически активные добавки к пище)
2025-04-12 15:19:57 - INFO - Created task: b988d9db-ff5b-4f39-81a6-fb7bcecea05a
2025-04-12 15:19:57 - INFO - Creating task for group 23 (Соковая продукция и безалкогольные напитки)
2025-04-12 15:19:57 - INFO - Created task: f725f40c-4ff0-4a61-9df0-fed532857b45
2025-04-12 15:19:57 - INFO - Saved 10 tasks to output\Хуторская Татьяна - тс124\pending_tasks.txt
2025-04-12 15:20:38 - INFO - Creating tasks for certificate: Хуторская Татьяна - тс3
2025-04-12 15:20:38 - INFO - Using date range: 2025-04-11 to 2025-04-11 (yesterday's data)
2025-04-12 15:20:38 - INFO - Creating task for group 1 (Предметы одежды, бельё постельное, столовое, туалетное и кухонное)
2025-04-12 15:20:39 - INFO - Created task: ed50ba60-eb34-4f19-afac-1d61536591db
2025-04-12 15:20:39 - INFO - Creating task for group 2 (Обувные товары)
2025-04-12 15:20:39 - INFO - Created task: 48edcc0d-517d-44a3-b174-e9d987a5fea0
2025-04-12 15:20:39 - INFO - Creating task for group 3 (Табачная продукция)
2025-04-12 15:20:40 - INFO - Created task: ba57d05b-011b-4d05-bc05-1b414a489c00
2025-04-12 15:20:40 - INFO - Creating task for group 4 (Духи и туалетная вода)
2025-04-12 15:20:41 - INFO - Created task: 4d1e5a75-fb93-4f4f-b5e8-f431ec6cf22a
2025-04-12 15:20:41 - INFO - Creating task for group 5 (Шины и покрышки пневматические резиновые новые)
2025-04-12 15:20:41 - INFO - Created task: 815bddc5-a6f3-4876-b83f-1649a23910f2
2025-04-12 15:20:41 - INFO - Creating task for group 8 (Молочная продукция)
2025-04-12 15:20:42 - INFO - Created task: f89f8fd3-a38c-435a-beec-1f0b90f1f4ad
2025-04-12 15:20:42 - INFO - Creating task for group 13 (Упакованная вода)
2025-04-12 15:20:43 - INFO - Created task: 3bd115d8-a1a7-45d4-88d6-db7fdedb82bc
2025-04-12 15:20:43 - INFO - Creating task for group 15 (Пиво, напитки, изготавливаемые на основе пива, слабоалкогольные напитки)
2025-04-12 15:20:43 - INFO - Created task: f9c3af10-6176-4424-ad9e-7689fc944355
2025-04-12 15:20:43 - INFO - Creating task for group 17 (Биологически активные добавки к пище)
2025-04-12 15:20:44 - INFO - Created task: 1ca67b6a-a85e-4ae1-ad44-37eade7c80d9
2025-04-12 15:20:44 - INFO - Creating task for group 23 (Соковая продукция и безалкогольные напитки)
2025-04-12 15:20:45 - INFO - Created task: 31a742c0-f902-4d4e-a2ed-09f4532b9805
2025-04-12 15:20:45 - INFO - Saved 10 tasks to output\Хуторская Татьяна - тс3\pending_tasks.txt
2025-04-12 15:21:04 - INFO - Creating tasks for certificate: Хуторская Татьяна - тс5
2025-04-12 15:21:04 - INFO - Using date range: 2025-04-11 to 2025-04-11 (yesterday's data)
2025-04-12 15:21:04 - INFO - Creating task for group 1 (Предметы одежды, бельё постельное, столовое, туалетное и кухонное)
2025-04-12 15:21:05 - INFO - Created task: 02969bab-ca8c-4375-bedb-92b22e7ebc4d
2025-04-12 15:21:05 - INFO - Creating task for group 2 (Обувные товары)
2025-04-12 15:21:06 - INFO - Created task: 836216e0-3e19-463a-9c55-82970696bae2
2025-04-12 15:21:06 - INFO - Creating task for group 3 (Табачная продукция)
2025-04-12 15:21:06 - INFO - Created task: fa80de8d-fc84-4329-8088-c86d70933739
2025-04-12 15:21:06 - INFO - Creating task for group 4 (Духи и туалетная вода)
2025-04-12 15:21:07 - INFO - Created task: b0e5efc8-876b-4e95-854c-765c62b949cd
2025-04-12 15:21:07 - INFO - Creating task for group 5 (Шины и покрышки пневматические резиновые новые)
2025-04-12 15:21:08 - INFO - Created task: 9c7ae9e9-5473-45d1-aaba-6b39966c6b10
2025-04-12 15:21:08 - INFO - Creating task for group 8 (Молочная продукция)
2025-04-12 15:21:08 - INFO - Created task: 669b046b-45bf-4f34-9082-0dac1a99ede8
2025-04-12 15:21:08 - INFO - Creating task for group 13 (Упакованная вода)
2025-04-12 15:21:09 - INFO - Created task: ff53be0e-38fb-4a61-9c32-5b271c283046
2025-04-12 15:21:09 - INFO - Creating task for group 15 (Пиво, напитки, изготавливаемые на основе пива, слабоалкогольные напитки)
2025-04-12 15:21:10 - INFO - Created task: 4afc8a40-acc6-4653-96f7-9ca5b4210cd8
2025-04-12 15:21:10 - INFO - Creating task for group 17 (Биологически активные добавки к пище)
2025-04-12 15:21:10 - INFO - Created task: 81949ba1-7846-49ab-a6e4-098b0fcfd006
2025-04-12 15:21:10 - INFO - Creating task for group 23 (Соковая продукция и безалкогольные напитки)
2025-04-12 15:21:11 - INFO - Created task: 9f245c23-58ba-4ab3-b1f8-aad43841e0a3
2025-04-12 15:21:11 - INFO - Saved 10 tasks to output\Хуторская Татьяна - тс5\pending_tasks.txt
2025-04-12 15:21:51 - INFO - Creating tasks for certificate: Лежнева Евгения - тс54
2025-04-12 15:21:51 - INFO - Using date range: 2025-04-11 to 2025-04-11 (yesterday's data)
2025-04-12 15:21:51 - INFO - Creating task for group 1 (Предметы одежды, бельё постельное, столовое, туалетное и кухонное)
2025-04-12 15:21:52 - INFO - Created task: 9b33ce8f-f6d3-4433-83b1-16e1bef86a0a
2025-04-12 15:21:52 - INFO - Creating task for group 2 (Обувные товары)
2025-04-12 15:21:53 - INFO - Created task: 2e9cc65c-2c8e-498d-a8df-f90fee0b5b02
2025-04-12 15:21:53 - INFO - Creating task for group 3 (Табачная продукция)
2025-04-12 15:21:53 - INFO - Created task: 3e0a1202-2089-4f6f-9683-11ccda2d4ecb
2025-04-12 15:21:53 - INFO - Creating task for group 4 (Духи и туалетная вода)
2025-04-12 15:21:54 - INFO - Created task: a4d699a8-f508-4ffb-a4f1-6c4cf1631457
2025-04-12 15:21:54 - INFO - Creating task for group 5 (Шины и покрышки пневматические резиновые новые)
2025-04-12 15:21:55 - INFO - Created task: 2779c2b3-0ad3-4553-a88f-ab55b2af042a
2025-04-12 15:21:55 - INFO - Creating task for group 8 (Молочная продукция)
2025-04-12 15:21:55 - INFO - Created task: c0684bc6-0b07-4665-b1d9-0d6f69497613
2025-04-12 15:21:55 - INFO - Creating task for group 13 (Упакованная вода)
2025-04-12 15:21:56 - INFO - Created task: dc960071-b3ab-4f2c-b8d2-273d0c1b519e
2025-04-12 15:21:56 - INFO - Creating task for group 15 (Пиво, напитки, изготавливаемые на основе пива, слабоалкогольные напитки)
2025-04-12 15:21:57 - INFO - Created task: 07e6e680-d15a-4cba-820b-53f973714173
2025-04-12 15:21:57 - INFO - Creating task for group 17 (Биологически активные добавки к пище)
2025-04-12 15:21:57 - INFO - Created task: 3dd68691-23d0-41cf-a9d8-ca83fcd264ec
2025-04-12 15:21:57 - INFO - Creating task for group 23 (Соковая продукция и безалкогольные напитки)
2025-04-12 15:21:58 - INFO - Created task: 30346d69-8b48-4e02-996b-1822449012d2
2025-04-12 15:21:58 - INFO - Saved 10 tasks to output\Лежнева Евгения - тс54\pending_tasks.txt
2025-04-12 15:22:39 - INFO - Creating tasks for certificate: Лежнева Евгения - тс55
2025-04-12 15:22:39 - INFO - Using date range: 2025-04-11 to 2025-04-11 (yesterday's data)
2025-04-12 15:22:39 - INFO - Creating task for group 1 (Предметы одежды, бельё постельное, столовое, туалетное и кухонное)
2025-04-12 15:22:40 - INFO - Created task: f015abbe-01c4-43e4-9d90-da9f03693019
2025-04-12 15:22:40 - INFO - Creating task for group 2 (Обувные товары)
2025-04-12 15:22:40 - INFO - Created task: 476a3e1c-cdbf-4ffe-89a7-3e6a658c8944
2025-04-12 15:22:40 - INFO - Creating task for group 3 (Табачная продукция)
2025-04-12 15:22:41 - INFO - Created task: fcbcd313-7fb4-4187-b082-34386fe851a7
2025-04-12 15:22:41 - INFO - Creating task for group 4 (Духи и туалетная вода)
2025-04-12 15:22:42 - INFO - Created task: 5540afd2-97d7-4531-b979-d3cfe73f9788
2025-04-12 15:22:42 - INFO - Creating task for group 5 (Шины и покрышки пневматические резиновые новые)
2025-04-12 15:22:42 - INFO - Created task: 167eb8c8-191e-4a65-94f3-4d2ee0fbe2b5
2025-04-12 15:22:42 - INFO - Creating task for group 8 (Молочная продукция)
2025-04-12 15:22:43 - INFO - Created task: e3dfeaab-ef31-48a0-8acc-fbfd02f46b68
2025-04-12 15:22:43 - INFO - Creating task for group 13 (Упакованная вода)
2025-04-12 15:22:44 - INFO - Created task: bdea1df1-d81a-466e-8535-5e60cfc9bc49
2025-04-12 15:22:44 - INFO - Creating task for group 15 (Пиво, напитки, изготавливаемые на основе пива, слабоалкогольные напитки)
2025-04-12 15:22:44 - INFO - Created task: 1c1f69dd-903e-4857-ac71-7b65e8cba702
2025-04-12 15:22:44 - INFO - Creating task for group 17 (Биологически активные добавки к пище)
2025-04-12 15:22:45 - INFO - Created task: 11e946fa-b22e-4858-917a-64e02893ccee
2025-04-12 15:22:45 - INFO - Creating task for group 23 (Соковая продукция и безалкогольные напитки)
2025-04-12 15:22:46 - INFO - Created task: a2205461-ecc7-4d55-8fb4-fac6f5cf3dff
2025-04-12 15:22:46 - INFO - Saved 10 tasks to output\Лежнева Евгения - тс55\pending_tasks.txt
2025-04-12 15:23:27 - INFO - Creating tasks for certificate: Лежнева Евгения - тс142
2025-04-12 15:23:27 - INFO - Using date range: 2025-04-11 to 2025-04-11 (yesterday's data)
2025-04-12 15:23:27 - INFO - Creating task for group 1 (Предметы одежды, бельё постельное, столовое, туалетное и кухонное)
2025-04-12 15:23:27 - INFO - Created task: b4e9cba8-b3de-4013-984b-673a8a00d945
2025-04-12 15:23:27 - INFO - Creating task for group 2 (Обувные товары)
2025-04-12 15:23:28 - INFO - Created task: 86f21bb5-b2d3-47f0-8bd5-1a53f2ef03c1
2025-04-12 15:23:28 - INFO - Creating task for group 3 (Табачная продукция)
2025-04-12 15:23:29 - INFO - Created task: f6a84b60-6ef8-4ea9-86f5-7312984572d0
2025-04-12 15:23:29 - INFO - Creating task for group 4 (Духи и туалетная вода)
2025-04-12 15:23:29 - INFO - Created task: d61a9e62-a7ea-4af3-ae21-5922ecb5abec
2025-04-12 15:23:29 - INFO - Creating task for group 5 (Шины и покрышки пневматические резиновые новые)
2025-04-12 15:23:30 - INFO - Created task: c1b1924e-2d87-4007-99be-da35182546a3
2025-04-12 15:23:30 - INFO - Creating task for group 8 (Молочная продукция)
2025-04-12 15:23:31 - INFO - Created task: 5aec0118-393b-40b3-a959-893df8eec96a
2025-04-12 15:23:31 - INFO - Creating task for group 13 (Упакованная вода)
2025-04-12 15:23:31 - INFO - Created task: 48968a11-1d09-4773-a52d-90a8bbaedbe7
2025-04-12 15:23:31 - INFO - Creating task for group 15 (Пиво, напитки, изготавливаемые на основе пива, слабоалкогольные напитки)
2025-04-12 15:23:32 - INFO - Created task: 383e4c61-22e5-45ed-83f1-c324413c4cc6
2025-04-12 15:23:32 - INFO - Creating task for group 17 (Биологически активные добавки к пище)
2025-04-12 15:23:33 - INFO - Created task: 3a99d397-11fe-444a-a214-6a06e32404b6
2025-04-12 15:23:33 - INFO - Creating task for group 23 (Соковая продукция и безалкогольные напитки)
2025-04-12 15:23:33 - INFO - Created task: 7a340a0b-fdd7-4bff-8978-ed79c7fa11fb
2025-04-12 15:23:33 - INFO - Saved 10 tasks to output\Лежнева Евгения - тс142\pending_tasks.txt
